FEC ID,STATE,STATE ABBREVIATION,GENERAL ELECTION DATE,FIRST NAME,LAST NAME,"LAST NAME,  FIRST",TOTAL VOTES,PARTY,GENERAL RESULTS,TOTAL VOTES #,GENERAL %,WINNER INDICATOR
P60004405,New Jersey,NJ,11/8/16,Monica,Moorehead,"Moorehead, Monica",,WW,"1,749",,0.05%,
P60004405,Wisconsin,WI,11/8/16,Monica,Moorehead,"Moorehead, Monica",,WW,"1,770",,0.06%,
P20003984,Wisconsin,WI,11/8/16,Jill,Stein,"Stein, Jill",,WG,"31,072",,1.04%,
P00003392,New York,NY,11/8/16,Hillary,Clinton,"Clinton, Hillary",,WF,"140,043",,1.81%,
P00003392,New York,NY,11/8/16,Hillary,Clinton,"Clinton, Hillary",,WEP,"36,292",,0.47%,
,Alabama,AL,11/8/16,,Scattered,"Scattered, ",,W,"21,712",,1.02%,
,Alaska,AK,11/8/16,,Scattered,Scattered,,W,"9,201",,2.89%,
,Arizona,AZ,11/8/16,Ben,Hartnell,"Hartnell, Ben",,W,11,,0.00%,
,Arizona,AZ,11/8/16,Marshall,Schoenke,"Schoenke, Marshall",,W,4,,0.00%,
,Arizona,AZ,11/8/16,Michael,Corsetti,"Corsetti, Michael",,W,3,,0.00%,
,Colorado,CO,11/8/16,David,Perry,"Perry, David",,W,11,,0.00%,
,Colorado,CO,11/8/16,Corey,Sterner,"Sterner, Corey",,W,6,,0.00%,
,Colorado,CO,11/8/16,Bruce,Lohmiller,"Lohmiller, Bruce",,W,3,,0.00%,
,Colorado,CO,11/8/16,Thomas J.,Nieman,"Nieman, Thomas J.",,W,1,,0.00%,
,Connecticut,CT,11/8/16,Jeffrey A.,Cooper,"Cooper, Jeffrey A.",,W,57,,0.00%,
,Connecticut,CT,11/8/16,Ronald,Evans,"Evans, Ronald",,W,44,,0.00%,
,Connecticut,CT,11/8/16,Jeffrey Anthony,Wu,"Wu, Jeffrey Anthony",,W,18,,0.00%,
,Connecticut,CT,11/8/16,Marshall,Schoenke,"Schoenke, Marshall",,W,15,,0.00%,
,Connecticut,CT,11/8/16,Paul E.,Blumenthal,"Blumenthal, Paul E.",,W,12,,0.00%,
,Connecticut,CT,11/8/16,"Jeffrey John, Jr.",Klojzy,"Klojzy, Jeffrey John, Jr.",,W,6,,0.00%,
,Connecticut,CT,11/8/16,Darryl,Cummings,"Cummings, Darryl",,W,5,,0.00%,
,Delaware,DE,11/8/16,,Other,Other,,W,"1,407",,0.32%,
,Delaware,DE,11/8/16,Benjamin,Hartnell,"Hartnell, Benjamin",,W,3,,0.00%,
,Delaware,DE,11/8/16,David,Limbaugh,"Limbaugh, David",,W,3,,0.00%,
,Delaware,DE,11/8/16,Ryan Alan,Scott,"Scott, Ryan Alan",,W,2,,0.00%,
,Delaware,DE,11/8/16,Richard,Duncan,"Duncan, Richard",,W,1,,0.00%,
,Delaware,DE,11/8/16,Matthew Water,Stout,"Stout, Matthew Water",,W,1,,0.00%,
,District of Columbia,DC,11/8/16,,Scattered,Scattered,,W,"6,551",,2.10%,
,Florida,FL,11/8/16,Richard,Duncan,"Duncan, Richard",,W,25,,0.00%,
,Florida,FL,11/8/16,"Anthony ""Tony"" Joseph",Valdivia,"Valdivia, Anthony ""Tony"" Joseph",,W,9,,0.00%,
,Georgia,GA,11/8/16,Sandra,Wilson,"Wilson, Sandra",,W,32,,0.00%,
,Georgia,GA,11/8/16,Ricky,Muhammad,"Muhammad, Ricky",,W,30,,0.00%,
,Georgia,GA,11/8/16,Loren,Collins,"Collins, Loren",,W,22,,0.00%,
,Georgia,GA,11/8/16,David C.,Byrne,"Byrne, David C.",,W,8,,0.00%,
,Georgia,GA,11/8/16,Stephen L.,Allen,"Allen, Stephen L.",,W,5,,0.00%,
,Georgia,GA,11/8/16,Marc,Urbach,"Urbach, Marc",,W,5,,0.00%,
,Illinois,IL,11/8/16,James,Anderson,"Anderson, James",,W,61,,0.00%,
,Illinois,IL,11/8/16,Phillip,Seeberg,"Seeberg, Phillip",,W,27,,0.00%,
,Illinois,IL,11/8/16,Marshall Roy,Schoenke,"Schoenke, Marshall Roy",,W,25,,0.00%,
,Illinois,IL,11/8/16,Kevin,McKee,"McKee, Kevin",,W,24,,0.00%,
,Illinois,IL,11/8/16,David G.,Stack,"Stack, David G.",,W,10,,0.00%,
,Illinois,IL,11/8/16,Matthew ,Roberts,"Roberts, Matthew ",,W,8,,0.00%,
,Illinois,IL,11/8/16,Jonathan ,Lee,"Lee, Jonathan ",,W,7,,0.00%,
,Illinois,IL,11/8/16,Ben,Hartnell,"Hartnell, Ben",,W,6,,0.00%,
,Illinois,IL,11/8/16,Author C.,Brumfield,"Brumfield, Author C.",,W,5,,0.00%,
,Illinois,IL,11/8/16,Duff Cooper,Smith,"Smith, Duff Cooper",,W,4,,0.00%,
,Illinois,IL,11/8/16,Timothy B.,Meluch,"Meluch, Timothy B.",,W,3,,0.00%,
,Illinois,IL,11/8/16,Roy Wayne,Tyree,"Tyree, Roy Wayne",,W,3,,0.00%,
,Illinois,IL,11/8/16,Mark J.,Harper,"Harper, Mark J.",,W,1,,0.00%,
,Illinois,IL,11/8/16,Nathan,Johnson,"Johnson, Nathan",,W,1,,0.00%,
,Illinois,IL,11/8/16,James T.,Struck,"Struck, James T.",,W,1,,0.00%,
,Indiana,IN,11/8/16,Matthew ,Roberts,"Roberts, Matthew ",,W,148,,0.01%,
,Indiana,IN,11/8/16,Denny Carroll,Jackson,"Jackson, Denny Carroll",,W,121,,0.00%,
,Indiana,IN,11/8/16,Melissa L.,Kelly,"Kelly, Melissa L.",,W,44,,0.00%,
,Indiana,IN,11/8/16,Richard,Duncan,"Duncan, Richard",,W,25,,0.00%,
,Indiana,IN,11/8/16,Richard G.,Mullis,"Mullis, Richard G.",,W,22,,0.00%,
,Iowa,IA,11/8/16,,Scattered,Scattered,,W,"17,746",,1.13%,
,Kentucky,KY,11/8/16,Denny Carroll,Jackson,"Jackson, Denny Carroll",,W,18,,0.00%,
,Kentucky,KY,11/8/16,Craig,Ellis,"Ellis, Craig",,W,14,,0.00%,
,Kentucky,KY,11/8/16,Timothy Allen,Stevens,"Stevens, Timothy Allen",,W,12,,0.00%,
,Kentucky,KY,11/8/16,"Richard Turner, Jr.",Luesing,"Luesing, Richard Turner, Jr.",,W,6,,0.00%,
,Kentucky,KY,11/8/16,Ben,Hartnell,"Hartnell, Ben",,W,5,,0.00%,
,Kentucky,KY,11/8/16,David,Perry,"Perry, David",,W,4,,0.00%,
,Kentucky,KY,11/8/16,Richard,Duncan,"Duncan, Richard",,W,2,,0.00%,
,Kentucky,KY,11/8/16,Marshall,Schoenke,"Schoenke, Marshall",,W,2,,0.00%,
,Kentucky,KY,11/8/16,William Martin,Ling,"Ling, William Martin",,W,1,,0.00%,
,Maryland,MD,11/8/16,,Other,Other,,W,"33,263",,1.20%,
,Maryland,MD,11/8/16,Janet L.,Reid,"Reid, Janet L.",,W,53,,0.00%,
,Maryland,MD,11/8/16,Martin,Carlisle,"Carlisle, Martin",,W,51,,0.00%,
,Maryland,MD,11/8/16,Jacqueline,Gates,"Gates, Jacqueline",,W,36,,0.00%,
,Maryland,MD,11/8/16,Ben,Hartnell,"Hartnell, Ben",,W,24,,0.00%,
,Maryland,MD,11/8/16,Richard,Duncan,"Duncan, Richard",,W,18,,0.00%,
,Maryland,MD,11/8/16,Dana E.,Brown,"Brown, Dana E.",,W,15,,0.00%,
,Maryland,MD,11/8/16,Sistah,Soldjah,"Soldjah, Sistah",,W,13,,0.00%,
,Maryland,MD,11/8/16,Coop,Smith,"Smith, Coop",,W,11,,0.00%,
,Maryland,MD,11/8/16,Anthony Tony J.,Valdivia,"Valdivia, Anthony Tony J.",,W,11,,0.00%,
,Maryland,MD,11/8/16,Maurice,Symonette,"Symonette, Maurice",,W,10,,0.00%,
,Maryland,MD,11/8/16,Marshall,Schoenke,"Schoenke, Marshall",,W,3,,0.00%,
,Maryland,MD,11/8/16,J. J.,Vogel-Walcutt,"Vogel-Walcutt, J. J.",,W,2,,0.00%,
,Maryland,MD,11/8/16,Richard Baxter,Edgell,"Edgell, Richard Baxter",,W,1,,0.00%,
,Maryland,MD,11/8/16,Doug,Terry,"Terry, Doug",,W,1,,0.00%,
,Maryland,MD,11/8/16,Mitchell,Williams,"Williams, Mitchell",,W,1,,0.00%,
,Massachusetts,MA,11/8/16,,All Others,All Others,,W,"50,488",,1.52%,
,Massachusetts,MA,11/8/16,William,Feegbeh,"Feegbeh, William",,W,28,,0.00%,
,Michigan,MI,11/8/16,Ben ,Hartnell,"Hartnell, Ben ",,W,39,,0.00%,
,Minnesota,MN,11/8/16,,Scattered,Scattered,,W,"26,714",,0.91%,
,Minnesota,MN,11/8/16,"Jeffrey Ryan, Sr.",Wharton,"Wharton, Jeffrey Ryan, Sr.",,W,53,,0.00%,
,Minnesota,MN,11/8/16,Henry,Bartlett,"Bartlett, Henry",,W,41,,0.00%,
,Minnesota,MN,11/8/16,Daniel,Muffoletto,"Muffoletto, Daniel",,W,29,,0.00%,
,Minnesota,MN,11/8/16,Dennis Andrew,Ball,"Ball, Dennis Andrew",,W,24,,0.00%,
,Minnesota,MN,11/8/16,Arthur E.,Sidner,"Sidner, Arthur E.",,W,4,,0.00%,
,Minnesota,MN,11/8/16,Kirk,Wettschreck,"Wettschreck, Kirk",,W,4,,0.00%,
,Minnesota,MN,11/8/16,Ben,Hartnell,"Hartnell, Ben",,W,2,,0.00%,
,Minnesota,MN,11/8/16,Roger,Koplitz,"Koplitz, Roger",,W,2,,0.00%,
,Minnesota,MN,11/8/16,Srinivasa K.,Mallapadi,"Mallapadi, Srinivasa K.",,W,2,,0.00%,
,Minnesota,MN,11/8/16,Micah,Payeur,"Payeur, Micah",,W,2,,0.00%,
,Minnesota,MN,11/8/16,Richard,Duncan,"Duncan, Richard",,W,1,,0.00%,
,Minnesota,MN,11/8/16,Eric,Gerhard,"Gerhard, Eric",,W,1,,0.00%,
,Minnesota,MN,11/8/16,Darin,Lynch,"Lynch, Darin",,W,1,,0.00%,
,Minnesota,MN,11/8/16,Matthew,Roberts,"Roberts, Matthew",,W,1,,0.00%,
,Minnesota,MN,11/8/16,Platt,Robertson,"Robertson, Platt",,W,1,,0.00%,
,Minnesota,MN,11/8/16,Derrick,Schumacher,"Schumacher, Derrick",,W,1,,0.00%,
,Minnesota,MN,11/8/16,Keith Richard,Snell,"Snell, Keith Richard",,W,1,,0.00%,
,Missouri,MO,11/8/16,Marshall,Schoenke,"Schoenke, Marshall",,W,3,,0.00%,
,Nebraska,NE,11/8/16,,Scattered,Scattered,,W,"16,051",,1.90%,
,New Hampshire,NH,11/8/16,,Scattered,Scattered,,W,"2,411",,0.32%,
,New Hampshire,NH,11/8/16,Mike,Pence,"Pence, Mike",,W,937,,0.13%,
,New Hampshire,NH,11/8/16,Paul,Ryan,"Ryan, Paul",,W,280,,0.04%,
,New Hampshire,NH,11/8/16,Ron or Rand,Paul,"Paul, Ron or Rand",,W,98,,0.01%,
,New Hampshire,NH,11/8/16,Vermin,Supreme,"Supreme, Vermin",,W,58,,0.01%,
,New York,NY,11/8/16,,Scattered,Scattered,,W,"48,343",,0.63%,
,New York,NY,11/8/16,Jason,Mutford,"Mutford, Jason",,W,85,,0.00%,
,New York,NY,11/8/16,Ben,Hartnell,"Hartnell, Ben",,W,42,,0.00%,
,New York,NY,11/8/16,Ariel ,Cohen,"Cohen, Ariel ",,W,33,,0.00%,
,New York,NY,11/8/16,William J.,Connolly,"Connolly, William J.",,W,30,,0.00%,
,New York,NY,11/8/16,Jeffrey,Mackler,"Mackler, Jeffrey",,W,15,,0.00%,
,New York,NY,11/8/16,Neer R.,Asherie,"Asherie, Neer R.",,W,9,,0.00%,
,New York,NY,11/8/16,Michael Frederick,Ingbar,"Ingbar, Michael Frederick",,W,8,,0.00%,
,New York,NY,11/8/16,Jason,Fried,"Fried, Jason",,W,6,,0.00%,
,New York,NY,11/8/16,Robert M.,Wolff,"Wolff, Robert M.",,W,5,,0.00%,
,New York,NY,11/8/16,Tony,Valdivia,"Valdivia, Tony",,W,4,,0.00%,
,New York,NY,11/8/16,Marshall,Schoenke,"Schoenke, Marshall",,W,3,,0.00%,
,New York,NY,11/8/16,Ryan Alan,Scott,"Scott, Ryan Alan",,W,3,,0.00%,
,New York,NY,11/8/16,Mark  ,Blickley,"Blickley, Mark  ",,W,2,,0.00%,
,New York,NY,11/8/16,Esther,Welsh,"Welsh, Esther",,W,1,,0.00%,
,New York,NY,11/8/16,Barbara,Whitaker,"Whitaker, Barbara",,W,1,,0.00%,
,North Carolina,NC,11/8/16,,Scattered,Scattered,,W,"47,386",,1.00%,
,North Dakota,ND,11/8/16,,Scattered,Scattered,,W,"6,397",,1.86%,
,Ohio,OH,11/8/16,Ben ,Hartnell,"Hartnell, Ben ",,W,589,,0.01%,
,Ohio,OH,11/8/16,Josiah R.,Stroh,"Stroh, Josiah R.",,W,30,,0.00%,
,Ohio,OH,11/8/16,Barry ,Kirschner,"Kirschner, Barry ",,W,15,,0.00%,
,Ohio,OH,11/8/16,Bruce E. ,Jaynes,"Jaynes, Bruce E. ",,W,8,,0.00%,
,Oregon,OR,11/8/16,,Miscellaneous,Miscellaneous,,W,"72,594",,3.63%,
,Pennsylvania,PA,11/8/16,,Scattered,Scattered,,W,"37,239",,0.60%,
,Rhode Island,RI,11/8/16,,Scattered,Scattered,,W,"2,121",,0.46%,
,Rhode Island,RI,11/8/16,Michael,Pence,"Pence, Michael",,W,291,,0.06%,
,Rhode Island,RI,11/8/16,Paul,Ryan,"Ryan, Paul",,W,249,,0.05%,
,Rhode Island,RI,11/8/16,Tom (Thomas),Brady,"Brady, Tom (Thomas)",,W,86,,0.02%,
,Rhode Island,RI,11/8/16,Mickey,Mouse,"Mouse, Mickey",,W,79,,0.02%,
,Rhode Island,RI,11/8/16,Jesus,"""Christ""","""Christ,"" Jesus ",,W,70,,0.02%,
,Rhode Island,RI,11/8/16,,None of the above,None of the above,,W,70,,0.02%,
,Rhode Island,RI,11/8/16,Colin,Powell,"Powell, Colin",,W,41,,0.01%,
,Rhode Island,RI,11/8/16,Michelle,Obama,"Obama, Michelle",,W,34,,0.01%,
,Rhode Island,RI,11/8/16,Condoleeza,Rice,"Rice, Condoleeza",,W,26,,0.01%,
,Rhode Island,RI,11/8/16,,God (Almighty),God (Almighty),,W,20,,0.00%,
,Rhode Island,RI,11/8/16,Bill (William),Belichek,"Belichek, Bill (William)",,W,19,,0.00%,
,Rhode Island,RI,11/8/16,Todd,Chrisley,"Chrisley, Todd",,W,19,,0.00%,
,Rhode Island,RI,11/8/16,,None,None,,W,19,,0.00%,
,Rhode Island,RI,11/8/16,Ted,Cohen,"Cohen, Ted",,W,18,,0.00%,
,Rhode Island,RI,11/8/16,Donald,Duck,"Duck, Donald",,W,18,,0.00%,
,Rhode Island,RI,11/8/16,Vermin,Supreme,"Supreme, Vermin",,W,17,,0.00%,
,Rhode Island,RI,11/8/16,,Harambe,Harambe,,W,15,,0.00%,
,Rhode Island,RI,11/8/16,,No Confidence,No Confidence,,W,15,,0.00%,
,Rhode Island,RI,11/8/16,Abe (Abraham),Lincoln,"Lincoln, Abe (Abraham)",,W,13,,0.00%,
,Rhode Island,RI,11/8/16,Matt,Fecteau,"Fecteau, Matt",,W,8,,0.00%,
,Rhode Island,RI,11/8/16,Trey,Gowdy,"Gowdy, Trey",,W,8,,0.00%,
,Rhode Island,RI,11/8/16,Alfred E.,Neuman,"Neuman, Alfred E.",,W,8,,0.00%,
,Rhode Island,RI,11/8/16,,No one,No one,,W,8,,0.00%,
,Rhode Island,RI,11/8/16,Jesse,Ventura,"Ventura, Jesse",,W,8,,0.00%,
,Rhode Island,RI,11/8/16,,Anyone Else,Anyone Else,,W,7,,0.00%,
,Rhode Island,RI,11/8/16,Jimmy,Buffett,"Buffett, Jimmy",,W,7,,0.00%,
,Rhode Island,RI,11/8/16,Tim,Kaine,"Kaine, Tim",,W,7,,0.00%,
,Rhode Island,RI,11/8/16,,Pope Francis,Pope Francis,,W,7,,0.00%,
,Rhode Island,RI,11/8/16,,Me,Me,,W,6,,0.00%,
,Rhode Island,RI,11/8/16,,,,,W,6,,0.00%,
,Rhode Island,RI,11/8/16,David,Norton,"Norton, David",,W,6,,0.00%,
,Rhode Island,RI,11/8/16,Theodore,Roosevelt,"Roosevelt, Theodore",,W,6,,0.00%,
,Rhode Island,RI,11/8/16,,Abstain,Abstain,,W,5,,0.00%,
,Rhode Island,RI,11/8/16,Warren,Buffet,"Buffet, Warren",,W,5,,0.00%,
,Rhode Island,RI,11/8/16,Alice,Cooper,"Cooper, Alice",,W,5,,0.00%,
,Rhode Island,RI,11/8/16,,God Help Us,God Help Us,,W,5,,0.00%,
,Rhode Island,RI,11/8/16,"Robert (Bob) ""Cool Moose""",Healey,"Healey, Robert (Bob) ""Cool Moose""",,W,5,,0.00%,
,Rhode Island,RI,11/8/16,Bill,Murray,"Murray, Bill",,W,5,,0.00%,
,Rhode Island,RI,11/8/16,Ronald,Reagan,"Reagan, Ronald",,W,5,,0.00%,
,Rhode Island,RI,11/8/16,Jack,Reed,"Reed, Jack",,W,5,,0.00%,
,Rhode Island,RI,11/8/16,,Unity Love Harmony,Unity Love Harmony,,W,5,,0.00%,
,Rhode Island,RI,11/8/16,George,Washington,"Washington, George",,W,5,,0.00%,
,Tennessee,TN,11/8/16,David,Limbaugh,"Limbaugh, David",,W,53,,0.00%,
,Tennessee,TN,11/8/16,Marshall,Schoenke,"Schoenke, Marshall",,W,3,,0.00%,
,Texas,TX,11/8/16,Tony,Valdivia,"Valdivia, Tony",,W,428,,0.00%,
,Texas,TX,11/8/16,Robert,Morrow,"Morrow, Robert",,W,145,,0.00%,
,Texas,TX,11/8/16,Dale,Steffes,"Steffes, Dale",,W,71,,0.00%,
,Texas,TX,11/8/16,Jonathan,Lee,"Lee, Jonathan",,W,67,,0.00%,
,Utah,UT,11/8/16,Jamin,Burton,"Burton, Jamin",,W,1,,0.00%,
,Utah,UT,11/8/16,Tony,Valdivia,"Valdivia, Tony",,W,1,,0.00%,
,Vermont,VT,11/8/16,,Scattered,Scattered,,W,"1,478",,0.47%,
,Vermont,VT,11/8/16,Michael R.,Pence,"Pence, Michael R.",,W,298,,0.09%,
,Vermont,VT,11/8/16,,No Name,No Name,,W,255,,0.08%,
,Vermont,VT,11/8/16,Paul,Ryan,"Ryan, Paul",,W,208,,0.07%,
,Vermont,VT,11/8/16,Jim,Douglas,"Douglas, Jim",,W,75,,0.02%,
,Vermont,VT,11/8/16,Colin,Powell,"Powell, Colin",,W,25,,0.01%,
,Vermont,VT,11/8/16,Condoleeza,Rice,"Rice, Condoleeza",,W,18,,0.01%,
,Vermont,VT,11/8/16,Tulsi,Gabard,"Gabard, Tulsi",,W,17,,0.01%,
,Vermont,VT,11/8/16,Michelle,Obama,"Obama, Michelle",,W,15,,0.00%,
,Vermont,VT,11/8/16,Theo,Epstein,"Epstein, Theo",,W,11,,0.00%,
,Vermont,VT,11/8/16,Vermin,Supreme,"Supreme, Vermin",,W,10,,0.00%,
,Vermont,VT,11/8/16,Tom,Brady,"Brady, Tom",,W,9,,0.00%,
,Vermont,VT,11/8/16,David ,Ortiz,"Ortiz, David ",,W,8,,0.00%,
,Vermont,VT,11/8/16,Bill,Belichek,"Belichek, Bill",,W,7,,0.00%,
,Vermont,VT,11/8/16,Patrick,Leahy,"Leahy, Patrick",,W,7,,0.00%,
,Vermont,VT,11/8/16,Fred,Tuttle,"Tuttle, Fred",,W,6,,0.00%,
,Vermont,VT,11/8/16,William,Weld,"Weld, William",,W,5,,0.00%,
,Virginia,VA,11/8/16,,All Others,All Others,,W,"33,749",,0.85%,
,Washington,WA,11/8/16,,Scattered,Scattered,,W,"107,805",,3.25%,
,West Virginia,WV,11/8/16,David ,Limbaugh,"Limbaugh, David ",,W,3,,0.00%,
,West Virginia,WV,11/8/16,Richard,Duncan,"Duncan, Richard",,W,1,,0.00%,
,West Virginia,WV,11/8/16,Ben ,Hartnell,"Hartnell, Ben ",,W,1,,0.00%,
,West Virginia,WV,11/8/16,Mitchell,Williams,"Williams, Mitchell",,W,1,,0.00%,
,Wisconsin,WI,11/8/16,,Scattered,Scattered,,W,"22,764",,0.76%,
,Wisconsin,WI,11/8/16,Marshall,Schoenke,"Schoenke, Marshall",,W,1,,0.00%,
,Wyoming,WY,11/8/16,,Scattered,Scattered,,W,"6,904",,2.70%,
P00003962,Kansas,KS,11/8/16,Joe C.,Schriner,"Schriner, Joe C.",,W,3,,0.00%,
P00003962,Maryland,MD,11/8/16,Joe,Schriner,"Schriner, Joe",,W,9,,0.00%,
P00003962,Minnesota,MN,11/8/16,Joe,Schriner,"Schriner, Joe",,W,4,,0.00%,
P00003962,Montana,MT,11/8/16,Joe,Schriner,"Schriner, Joe",,W,1,,0.00%,
P00003962,Ohio,OH,11/8/16,Joe  ,Schriner,"Schriner, Joe  ",,W,62,,0.00%,
P00004861,Ohio,OH,11/8/16,Michael ,Bickelmeyer,"Bickelmeyer, Michael ",,W,6,,0.00%,
P20000527,Vermont,VT,11/8/16,Ralph,Nader,"Nader, Ralph",,W,7,,0.00%,
P20002630,Arizona,AZ,11/8/16,"Sheila ""Samm""",Tittle,"Tittle, Sheila ""Samm""",,W,12,,0.00%,
P20002630,Kentucky,KY,11/8/16,"Sheila ""Samm""",Tittle,"Tittle, Sheila ""Samm""",,W,1,,0.00%,
P20002630,Utah,UT,11/8/16,"Sheila ""Samm""",Tittle,"Tittle, Sheila ""Samm""",,W,1,,0.00%,
P20003984,Georgia,GA,11/8/16,Jill,Stein,"Stein, Jill",,W,"7,674",,0.19%,
P20003984,Indiana,IN,11/8/16,Jill,Stein,"Stein, Jill",,W,"7,841",,0.29%,
P20003984,North Carolina,NC,11/8/16,Jill,Stein,"Stein, Jill",,W,"12,105",,0.26%,
P20004511,Arizona,AZ,11/8/16,Laurence,Kotlikoff,"Kotlikoff, Laurence",,W,52,,0.00%,
P20004511,California,CA,11/8/16,Laurence,Kotlikoff,"Kotlikoff, Laurence",,W,402,,0.00%,
P20004511,Connecticut,CT,11/8/16,Laurence,Kotlikoff,"Kotlikoff, Laurence",,W,23,,0.00%,
P20004511,Florida,FL,11/8/16,Laurence J.,Kotlikoff,"Kotlikoff, Laurence J.",,W,74,,0.00%,
P20004511,Georgia,GA,11/8/16,Laurence,Kotlikoff,"Kotlikoff, Laurence",,W,34,,0.00%,
P20004511,Illinois,IL,11/8/16,Laurence,Kotlikoff,"Kotlikoff, Laurence",,W,82,,0.00%,
P20004511,Indiana,IN,11/8/16,Laurence,Kotlikoff,"Kotlikoff, Laurence",,W,49,,0.00%,
P20004511,Kentucky,KY,11/8/16,Laurence,Kotlikoff,"Kotlikoff, Laurence",,W,8,,0.00%,
P20004511,Maine,ME,11/8/16,Laurence J.,Kotlikoff,"Kotlikoff, Laurence J.",,W,16,,0.00%,
P20004511,Maryland,MD,11/8/16,Laurence,Kotlikoff,"Kotlikoff, Laurence",,W,73,,0.00%,
P20004511,Massachusetts,MA,11/8/16,Laurence,Kotlikoff,"Kotlikoff, Laurence",,W,28,,0.00%,
P20004511,Michigan,MI,11/8/16,Laurence,Kotlikoff,"Kotlikoff, Laurence",,W,87,,0.00%,
P20004511,Minnesota,MN,11/8/16,Laurence,Kotlikoff,"Kotlikoff, Laurence",,W,17,,0.00%,
P20004511,Missouri,MO,11/8/16,Laurence,Kotlikoff,"Kotlikoff, Laurence",,W,28,,0.00%,
P20004511,Montana,MT,11/8/16,Laurence,Kotlikoff,"Kotlikoff, Laurence",,W,7,,0.00%,
P20004511,Ohio,OH,11/8/16,Laurence,Kotlikoff,"Kotlikoff, Laurence",,W,90,,0.00%,
P20004511,Tennessee,TN,11/8/16,Laurence,Kotlikoff,"Kotlikoff, Laurence",,W,20,,0.00%,
P20004511,Texas,TX,11/8/16,Laurence,Kotlikoff,"Kotlikoff, Laurence",,W,"1,037",,0.01%,
P20004511,Utah,UT,11/8/16,Laurence,Kotlikoff,"Kotlikoff, Laurence",,W,9,,0.00%,
P20004511,Vermont,VT,11/8/16,Lawrence,Kotlikoff,"Kotlikoff, Lawrence",,W,3,,0.00%,
P20004511,West Virginia,WV,11/8/16,Laurence,Kotlikoff,"Kotlikoff, Laurence",,W,4,,0.00%,
P20004511,Wisconsin,WI,11/8/16,Laurence,Kotlikoff,"Kotlikoff, Laurence",,W,15,,0.00%,
P20004677,California,CA,11/8/16,Jerry,White,"White, Jerry",,W,84,,0.00%,
P20004677,Delaware,DE,11/8/16,Jerry,White,"White, Jerry",,W,2,,0.00%,
P20004677,Kentucky,KY,11/8/16,Jerry,White,"White, Jerry",,W,4,,0.00%,
P20004677,Maryland,MD,11/8/16,Jerry,White,"White, Jerry",,W,11,,0.00%,
P20004677,Minnesota,MN,11/8/16,Jerome S. (Jerry),White,"White, Jerome S. (Jerry)",,W,10,,0.00%,
P20004677,Vermont,VT,11/8/16,Jerry,White,"White, Jerry",,W,2,,0.00%,
P20004677,West Virginia,WV,11/8/16,Jerry ,White,"White, Jerry ",,W,2,,0.00%,
P20005187,Maryland,MD,11/8/16,"Theodis, Sr.",Brown,"Brown, Theodis, Sr.",,W,4,,0.00%,
P20005260,Arizona,AZ,11/8/16,Tom ,Hoefling,"Hoefling, Tom ",,W,85,,0.00%,
P20005260,Connecticut,CT,11/8/16,Tom ,Hoefling,"Hoefling, Tom ",,W,31,,0.00%,
P20005260,Delaware,DE,11/8/16,Thomas Conrad,Hoefling,"Hoefling, Thomas Conrad",,W,7,,0.00%,
P20005260,Georgia,GA,11/8/16,Thomas,Hoefling,"Hoefling, Thomas",,W,70,,0.00%,
P20005260,Illinois,IL,11/8/16,Tom ,Hoefling,"Hoefling, Tom ",,W,175,,0.00%,
P20005260,Indiana,IN,11/8/16,Tom ,Hoefling,"Hoefling, Tom ",,W,269,,0.01%,
P20005260,Kansas,KS,11/8/16,Tom ,Hoefling,"Hoefling, Tom ",,W,45,,0.00%,
P20005260,Kentucky,KY,11/8/16,Tom ,Hoefling,"Hoefling, Tom ",,W,39,,0.00%,
P20005260,Maryland,MD,11/8/16,Tom,Hoefling,"Hoefling, Tom",,W,42,,0.00%,
P20005260,Michigan,MI,11/8/16,Tom ,Hoefling,"Hoefling, Tom ",,W,95,,0.00%,
P20005260,Minnesota,MN,11/8/16,Tom,Hoefling,"Hoefling, Tom",,W,28,,0.00%,
P20005260,Missouri,MO,11/8/16,Tom ,Hoefling,"Hoefling, Tom ",,W,48,,0.00%,
P20005260,Montana,MT,11/8/16,Tom,Hoefling,"Hoefling, Tom",,W,10,,0.00%,
P20005260,New York,NY,11/8/16,Tom,Hoefling,"Hoefling, Tom",,W,137,,0.00%,
P20005260,Ohio,OH,11/8/16,Tom ,Hoefling,"Hoefling, Tom ",,W,268,,0.00%,
P20005260,Rhode Island,RI,11/8/16,Tom,Hoefling,"Hoefling, Tom",,W,7,,0.00%,
P20005260,Tennessee,TN,11/8/16,Tom ,Hoefling,"Hoefling, Tom ",,W,132,,0.01%,
P20005260,Texas,TX,11/8/16,Tom ,Hoefling,"Hoefling, Tom ",,W,932,,0.01%,
P20005260,Utah,UT,11/8/16,Tom ,Hoefling,"Hoefling, Tom ",,W,6,,0.00%,
P20005260,West Virginia,WV,11/8/16,Tom ,Hoefling,"Hoefling, Tom ",,W,10,,0.00%,
P20005260,Wisconsin,WI,11/8/16,Tom ,Hoefling,"Hoefling, Tom ",,W,80,,0.00%,
P40003576,Rhode Island,RI,11/8/16,Rand,Paul,"Paul, Rand",,W,18,,0.00%,
P40003576,Vermont,VT,11/8/16,Rand,Paul,"Paul, Rand",,W,26,,0.01%,
P60003670,New Hampshire,NH,11/8/16,John,Kasich,"Kasich, John",,W,"1,365",,0.18%,
P60003670,Pennsylvania,PA,11/8/16,John,Kasich,"Kasich, John",,W,302,,0.00%,
P60003670,Rhode Island,RI,11/8/16,John,Kasich,"Kasich, John",,W,695,,0.15%,
P60003670,Vermont,VT,11/8/16,John,Kasich,"Kasich, John",,W,827,,0.26%,
P60004405,Massachusetts,MA,11/8/16,Monica G.,Moorehead,"Moorehead, Monica G.",,W,15,,0.00%,
P60004405,Michigan,MI,11/8/16,Monica,Moorehead,"Moorehead, Monica",,W,30,,0.00%,
P60004405,New York,NY,11/8/16,Monica ,Moorehead,"Moorehead, Monica ",,W,68,,0.00%,
P60004405,Ohio,OH,11/8/16,Monica,Moorehead,"Moorehead, Monica",,W,19,,0.00%,
P60004405,Texas,TX,11/8/16,Monica ,Moorehead,"Moorehead, Monica ",,W,122,,0.00%,
P60004868,Delaware,DE,11/8/16,Darryl W.,Perry,"Perry, Darryl W.",,W,1,,0.00%,
P60004868,Kansas,KS,11/8/16,Darryl,Perry,"Perry, Darryl",,W,1,,0.00%,
P60004868,Montana,MT,11/8/16,Darryl W.,Perry,"Perry, Darryl W.",,W,1,,0.00%,
P60004868,West Virginia,WV,11/8/16,Darryl W.,Perry,"Perry, Darryl W.",,W,2,,0.00%,
P60005303,Arizona,AZ,11/8/16,Cherunda,Fox,"Fox, Cherunda",,W,14,,0.00%,
P60005303,Colorado,CO,11/8/16,Cherunda,Fox,"Fox, Cherunda",,W,2,,0.00%,
P60005303,Connecticut,CT,11/8/16,Cherunda,Fox,"Fox, Cherunda",,W,3,,0.00%,
P60005303,Florida,FL,11/8/16,Cherunda,Fox,"Fox, Cherunda",,W,2,,0.00%,
P60005303,Georgia,GA,11/8/16,Cherunda,Fox,"Fox, Cherunda",,W,78,,0.00%,
P60005303,Illinois,IL,11/8/16,Cherunda,Fox,"Fox, Cherunda",,W,3,,0.00%,
P60005303,Indiana,IN,11/8/16,Cherunda,Fox,"Fox, Cherunda",,W,1,,0.00%,
P60005303,Kentucky,KY,11/8/16,Cherunda,Fox,"Fox, Cherunda",,W,1,,0.00%,
P60005303,Maine,ME,11/8/16,Cherunda L.,Fox,"Fox, Cherunda L.",,W,7,,0.00%,
P60005303,Maryland,MD,11/8/16,Cherunda,Fox,"Fox, Cherunda",,W,9,,0.00%,
P60005303,Michigan,MI,11/8/16,Cherunda,Fox,"Fox, Cherunda",,W,10,,0.00%,
P60005303,Ohio,OH,11/8/16,Cherunda,Fox,"Fox, Cherunda",,W,5,,0.00%,
P60005303,Tennessee,TN,11/8/16,Cherunda,Fox,"Fox, Cherunda",,W,6,,0.00%,
P60005303,Texas,TX,11/8/16,Cherunda,Fox,"Fox, Cherunda",,W,45,,0.00%,
P60005303,Wisconsin,WI,11/8/16,Cherunda,Fox,"Fox, Cherunda",,W,47,,0.00%,
P60005550,Maryland,MD,11/8/16,Shelia,Bolar,"Bolar, Shelia",,W,7,,0.00%,
P60005808,Delaware,DE,11/8/16,Lynn,Kahn,"Kahn, Lynn",,W,1,,0.00%,
P60005808,Kansas,KS,11/8/16,Lynn,Kahn,"Kahn, Lynn",,W,2,,0.00%,
P60005808,Maryland,MD,11/8/16,Lynn,Kahn,"Kahn, Lynn",,W,18,,0.00%,
P60005808,New York,NY,11/8/16,Lynn,Kahn,"Kahn, Lynn",,W,72,,0.00%,
P60005808,Pennsylvania,PA,11/8/16,Lynn,Kahn,"Kahn, Lynn",,W,3,,0.00%,
P60005899,Maryland,MD,11/8/16,"William E., Jr.",Bowhall,"Bowhall, William E., Jr.",,W,7,,0.00%,
P60005915,New Hampshire,NH,11/8/16,Ben ,Carson,"Carson, Ben ",,W,83,,0.01%,
P60005915,Rhode Island,RI,11/8/16,Ben,Carson,"Carson, Ben",,W,66,,0.01%,
P60005915,Vermont,VT,11/8/16,Ben,Carson,"Carson, Ben",,W,61,,0.02%,
P60006111,New Hampshire,NH,11/8/16,Ted ,Cruz,"Cruz, Ted ",,W,129,,0.02%,
P60006111,Rhode Island,RI,11/8/16,Ted (Senator),Cruz,"Cruz, Ted (Senator)",,W,46,,0.01%,
P60006111,Vermont,VT,11/8/16,Ted,Cruz,"Cruz, Ted",,W,63,,0.02%,
P60006673,Connecticut,CT,11/8/16,Kevin,Deame,"Deame, Kevin",,W,13,,0.00%,
P60006723,New Hampshire,NH,11/8/16,Marco,Rubio,"Rubio, Marco",,W,136,,0.02%,
P60006723,Rhode Island,RI,11/8/16,Marco,Rubio,"Rubio, Marco",,W,99,,0.02%,
P60006723,Vermont,VT,11/8/16,Marco,Rubio,"Rubio, Marco",,W,93,,0.03%,
P60007168,California,CA,11/8/16,"Bernard ""Bernie""",Sanders,"Sanders, Bernard ""Bernie""",,W,"79,341",,0.56%,
P60007168,New Hampshire,NH,11/8/16,Bernie,Sanders,"Sanders, Bernie",,W,"4,493",,0.60%,
P60007168,Pennsylvania,PA,11/8/16,Bernie,Sanders,"Sanders, Bernie",,W,"6,060",,0.10%,
P60007168,Rhode Island,RI,11/8/16,Bernie,Sanders,"Sanders, Bernie",,W,"3,497",,0.75%,
P60007168,Vermont,VT,11/8/16,Bernie,Sanders,"Sanders, Bernie",,W,"18,218",,5.78%,
P60007242,Rhode Island,RI,11/8/16,Carly,Fiorina,"Fiorina, Carly",,W,12,,0.00%,
P60007242,Vermont,VT,11/8/16,Carly,Fiorina,"Fiorina, Carly",,W,11,,0.00%,
P60007523,Ohio,OH,11/8/16,James Jerome ,Bell,"Bell, James Jerome ",,W,9,,0.00%,
P60007689,Maryland,MD,11/8/16,Mohammed,Keita,"Keita, Mohammed",,W,2,,0.00%,
P60007929,Kansas,KS,11/8/16,Shawna,Sterling,"Sterling, Shawna",,W,1,,0.00%,
P60008059,New Hampshire,NH,11/8/16,Jeb ,Bush,"Bush, Jeb ",,W,230,,0.03%,
P60008059,Rhode Island,RI,11/8/16,Jeb,Bush,"Bush, Jeb",,W,71,,0.02%,
P60008059,Vermont,VT,11/8/16,Jeb,Bush,"Bush, Jeb",,W,79,,0.03%,
P60008075,Rhode Island,RI,11/8/16,Lincoln,Chaffee,"Chaffee, Lincoln",,W,8,,0.00%,
P60008190,Florida,FL,11/8/16,Zoltan Istvan,Gyurko,"Gyurko, Zoltan Istvan",,W,19,,0.00%,
P60008190,New York,NY,11/8/16,Zoltan Istvan,Gyurko,"Gyurko, Zoltan Istvan",,W,76,,0.00%,
P60008299,Maryland,MD,11/8/16,"Gerald, II",Jennings,"Jennings, Gerald, II",,W,4,,0.00%,
P60008521,New Hampshire,NH,11/8/16,Chris ,Christie,"Christie, Chris ",,W,23,,0.00%,
P60008521,Rhode Island,RI,11/8/16,Chris,Christie,"Christie, Chris",,W,11,,0.00%,
P60008885,Rhode Island,RI,11/8/16,James (Jim),Webb,"Webb, James (Jim)",,W,7,,0.00%,
P60009198,Rhode Island,RI,11/8/16,Deez,Nutz,"Nutz, Deez",,W,6,,0.00%,
P60009602,Utah,UT,11/8/16,Dustin,Baird,"Baird, Dustin",,W,9,,0.00%,
P60009917,Kentucky,KY,11/8/16,Chris,Keniston,"Keniston, Chris",,W,22,,0.00%,
P60009917,Minnesota,MN,11/8/16,Chris,Keniston,"Keniston, Chris",,W,31,,0.00%,
P60009917,New York,NY,11/8/16,Chris,Keniston,"Keniston, Chris",,W,90,,0.00%,
P60009917,Ohio,OH,11/8/16,Chris,Keniston,"Keniston, Chris",,W,114,,0.00%,
P60009917,Rhode Island,RI,11/8/16,Chris,Kenniston,"Kenniston, Chris",,W,6,,0.00%,
P60009917,Vermont,VT,11/8/16,Chris,Keniston,"Keniston, Chris",,W,3,,0.00%,
P60009917,Wisconsin,WI,11/8/16,Chris,Keniston,"Keniston, Chris",,W,67,,0.00%,
P60012796,Rhode Island,RI,11/8/16,Elizabeth,Warren,"Warren, Elizabeth",,W,12,,0.00%,
P60012796,Vermont,VT,11/8/16,Elizabeth,Warren,"Warren, Elizabeth",,W,13,,0.00%,
P60012960,Connecticut,CT,11/8/16,Peter,Skewes,"Skewes, Peter",,W,4,,0.00%,
P60015013,Maryland,MD,11/8/16,Cathy Johnson,Pendleton,"Pendleton, Cathy Johnson",,W,17,,0.00%,
P60015351,Connecticut,CT,11/8/16,Andrew D. ,Basiago,"Basiago, Andrew D. ",,W,42,,0.00%,
P60015351,Florida,FL,11/8/16,Andrew D.,Basiago,"Basiago, Andrew D.",,W,24,,0.00%,
P60015351,Kansas,KS,11/8/16,Andrew D.,Basiago,"Basiago, Andrew D.",,W,6,,0.00%,
P60015351,Montana,MT,11/8/16,Andrew D.,Basiago,"Basiago, Andrew D.",,W,3,,0.00%,
P60015351,Utah,UT,11/8/16,Andrew D. ,Basiago,"Basiago, Andrew D. ",,W,4,,0.00%,
P60015351,West Virginia,WV,11/8/16,Andrew D. ,Basiago,"Basiago, Andrew D. ",,W,4,,0.00%,
P60016342,Arizona,AZ,11/8/16,"""Rocky"" Roque",De La Fuente,"De La Fuente, ""Rocky"" Roque",,W,29,,0.00%,
P60016342,Colorado,CO,11/8/16,"""Rocky"" Roque",De La Fuente,"De La Fuente, ""Rocky"" Roque",,W,"1,255",,0.05%,
P60016342,Connecticut,CT,11/8/16,"""Rocky"" Roque",De La Fuente,"De La Fuente, ""Rocky"" Roque",,W,12,,0.00%,
P60016342,Delaware,DE,11/8/16,"""Rocky"" Roque",De La Fuente,"De La Fuente, ""Rocky"" Roque",,W,3,,0.00%,
P60016342,Indiana,IN,11/8/16,Roque,De La Fuente,"De La Fuente, Roque",,W,21,,0.00%,
P60016342,Kansas,KS,11/8/16,"""Rocky"" Roque",De La Fuente,"De La Fuente, ""Rocky"" Roque",,W,3,,0.00%,
P60016342,Maryland,MD,11/8/16,"Roque ""Rocky""",De La Fuente,"De La Fuente, Roque ""Rocky""",,W,14,,0.00%,
P60016342,Missouri,MO,11/8/16,"""Rocky"" Roque",De La Fuente,"De La Fuente, ""Rocky"" Roque",,W,6,,0.00%,
P60016342,New York,NY,11/8/16,"""Rocky"" Roque",De La Fuente,"De La Fuente, ""Rocky"" Roque",,W,35,,0.00%,
P60016342,West Virginia,WV,11/8/16,Rocky ,De La Fuente,"De La Fuente, Rocky ",,W,3,,0.00%,
P60016623,Arizona,AZ,11/8/16,Mike,Smith,"Smith, Mike",,W,62,,0.00%,
P60016623,Connecticut,CT,11/8/16,Mike,Smith,"Smith, Mike",,W,12,,0.00%,
P60016623,Delaware,DE,11/8/16,Mike,Smith,"Smith, Mike",,W,3,,0.00%,
P60016623,Georgia,GA,11/8/16,Michael L.,Smith,"Smith, Michael L.",,W,53,,0.00%,
P60016623,Kansas,KS,11/8/16,Mike,Smith,"Smith, Mike",,W,6,,0.00%,
P60016623,Kentucky,KY,11/8/16,Mike,Smith,"Smith, Mike",,W,9,,0.00%,
P60016623,Maryland,MD,11/8/16,"Michael L. ""Mike""",Smith,"Smith, Michael L. ""Mike""",,W,13,,0.00%,
P60016623,Minnesota,MN,11/8/16,"Michael L. ""Mike""",Smith,"Smith, Michael L. ""Mike""",,W,3,,0.00%,
P60016623,Montana,MT,11/8/16,Michael L. (Mike),Smith,"Smith, Michael L. (Mike)",,W,1,,0.00%,
P60016623,Ohio,OH,11/8/16,Mike,Smith,"Smith, Mike",,W,62,,0.00%,
P60016623,Utah,UT,11/8/16,Mike ,Smith,"Smith, Mike ",,W,19,,0.00%,
P60016623,Vermont,VT,11/8/16,Mike,Smith,"Smith, Mike",,W,1,,0.00%,
P60016623,West Virginia,WV,11/8/16,Mike,Smith,"Smith, Mike",,W,2,,0.00%,
P60016888,Maryland,MD,11/8/16,Paij,Boring,"Boring, Paij",,W,53,,0.00%,
P60016904,Kentucky,KY,11/8/16,Santa Roy A.,Clark,"Clark, Santa Roy A.",,W,2,,0.00%,
P60017340,Kansas,KS,11/8/16,James A.,Hedges,"Hedges, James A.",,W,3,,0.00%,
P60017340,Maryland,MD,11/8/16,James,Hedges,"Hedges, James",,W,5,,0.00%,
P60017852,Minnesota,MN,11/8/16,Clifton,Roberts,"Roberts, Clifton",,W,15,,0.00%,
P60017852,New York,NY,11/8/16,Clifton,Roberts,"Roberts, Clifton",,W,88,,0.00%,
P60018017,Indiana,IN,11/8/16,Emidio,Soltysik,"Soltysik, Emidio",,W,57,,0.00%,
P60018017,Maryland,MD,11/8/16,Emidio,Soltysik,"Soltysik, Emidio",,W,6,,0.00%,
P60018017,Minnesota,MN,11/8/16,Emidio,Soltysik,"Soltysik, Emidio",,W,15,,0.00%,
P60018017,Montana,MT,11/8/16,Emidio,Soltysik,"Soltysik, Emidio",,W,1,,0.00%,
P60018017,New York,NY,11/8/16,Emidio,Soltysik,"Soltysik, Emidio",,W,36,,0.00%,
P60018017,Texas,TX,11/8/16,Emidio,Soltysik,"Soltysik, Emidio",,W,72,,0.00%,
P60018017,Utah,UT,11/8/16,Emidio,Soltysik,"Soltysik, Emidio",,W,4,,0.00%,
P60018017,Vermont,VT,11/8/16,Emilio,Soltysik,"Soltysik, Emilio",,W,2,,0.00%,
P60018017,Wisconsin,WI,11/8/16,Emidio,Soltysik,"Soltysik, Emidio",,W,33,,0.00%,
P60018249,Arizona,AZ,11/8/16,Joseph,Maldonado,"Maldonado, Joseph",,W,20,,0.00%,
P60018249,Connecticut,CT,11/8/16,Joseph,Maldonado,"Maldonado, Joseph",,W,4,,0.00%,
P60018249,Delaware,DE,11/8/16,Joseph A.,Maldonado,"Maldonado, Joseph A.",,W,1,,0.00%,
P60018249,Illinois,IL,11/8/16,Joseph A. ,Maldonado,"Maldonado, Joseph A. ",,W,20,,0.00%,
P60018249,Indiana,IN,11/8/16,Joseph,Maldonado,"Maldonado, Joseph",,W,7,,0.00%,
P60018249,Kentucky,KY,11/8/16,Joseph,Maldonado,"Maldonado, Joseph",,W,2,,0.00%,
P60018249,Maryland,MD,11/8/16,Joseph A.,Maldonado,"Maldonado, Joseph A.",,W,12,,0.00%,
P60018249,Montana,MT,11/8/16,Joseph,Maldonado,"Maldonado, Joseph",,W,1,,0.00%,
P60018249,Ohio,OH,11/8/16,Joseph,Maldonado,"Maldonado, Joseph",,W,18,,0.00%,
P60018249,West Virginia,WV,11/8/16,Joseph,Maldonado,"Maldonado, Joseph",,W,1,,0.00%,
P60018249,Wisconsin,WI,11/8/16,Joseph,Maldonado,"Maldonado, Joseph",,W,4,,0.00%,
P60018769,West Virginia,WV,11/8/16,William Roger,Smith,"Smith, William Roger",,W,13,,0.00%,
P60018975,Maryland,MD,11/8/16,Stephen,McCarthy,"McCarthy, Stephen",,W,97,,0.00%,
P60019114,Illinois,IL,11/8/16,Laio,Morris,"Morris, Laio",,W,10,,0.00%,
P60019114,Montana,MT,11/8/16,Laio,Morris,"Morris, Laio",,W,1,,0.00%,
P60019304,Maryland,MD,11/8/16,Paul,Adams,"Adams, Paul",,W,44,,0.00%,
P60019940,Maryland,MD,11/8/16,Mary E.,Thomas,"Thomas, Mary E.",,W,16,,0.00%,
P60020484,Illinois,IL,11/8/16,Dem J.,Wysinger,"Wysinger, Dem J.",,W,1,,0.00%,
P60020484,Maryland,MD,11/8/16,Demetra Jefferson,Wysinger,"Wysinger, Demetra Jefferson",,W,1,,0.00%,
P60020617,Colorado,CO,11/8/16,Brian Anthony,Perry,"Perry, Brian Anthony",,W,4,,0.00%,
P60020757,Arizona,AZ,11/8/16,Robert L.,Buchanan,"Buchanan, Robert L.",,W,56,,0.00%,
P60020757,Connecticut,CT,11/8/16,Robert L.,Buchanan,"Buchanan, Robert L.",,W,19,,0.00%,
P60020757,Delaware,DE,11/8/16,Robert L.,Buchanan,"Buchanan, Robert L.",,W,4,,0.00%,
P60020757,Georgia,GA,11/8/16,Robert,Buchanan,"Buchanan, Robert",,W,31,,0.00%,
P60020757,Maryland,MD,11/8/16,Robert,Buchanan,"Buchanan, Robert",,W,25,,0.00%,
P60020757,Montana,MT,11/8/16,Robert L.,Buchanan,"Buchanan, Robert L.",,W,2,,0.00%,
P60020757,New York,NY,11/8/16,Robert L.,Buchanan,"Buchanan, Robert L.",,W,58,,0.00%,
P60020757,Utah,UT,11/8/16,Robert L.,Buchanan,"Buchanan, Robert L.",,W,1,,0.00%,
P60020757,West Virginia,WV,11/8/16,Robert L.,Buchanan,"Buchanan, Robert L.",,W,3,,0.00%,
P60020963,Delaware,DE,11/8/16,Ajay,Sood,"Sood, Ajay",,W,1,,0.00%,
P60020963,Kansas,KS,11/8/16,Ajay,Sood,"Sood, Ajay",,W,10,,0.00%,
P60021102,Arizona,AZ,11/8/16,Darrell ,Castle,"Castle, Darrell ",,W,"1,058",,0.04%,
P60021102,Connecticut,CT,11/8/16,Darrell L.,Castle,"Castle, Darrell L.",,W,147,,0.01%,
P60021102,Delaware,DE,11/8/16,Darrell L.,Castle,"Castle, Darrell L.",,W,74,,0.02%,
P60021102,Georgia,GA,11/8/16,Darrell,Castle,"Castle, Darrell",,W,"1,110",,0.03%,
P60021102,Illinois,IL,11/8/16,Darrell,Castle,"Castle, Darrell",,W,"1,138",,0.02%,
P60021102,Indiana,IN,11/8/16,Darrell L.,Castle,"Castle, Darrell L.",,W,"1,937",,0.07%,
P60021102,Kansas,KS,11/8/16,Darrell L.,Castle,"Castle, Darrell L.",,W,646,,0.05%,
P60021102,Kentucky,KY,11/8/16,Darrell L.,Castle,"Castle, Darrell L.",,W,438,,0.02%,
P60021102,Maine,ME,11/8/16,Darrell L.,Castle,"Castle, Darrell L.",,W,333,,0.04%,
P60021102,Maryland,MD,11/8/16,Darrell L.,Castle,"Castle, Darrell L.",,W,566,,0.02%,
P60021102,Montana,MT,11/8/16,Darrell L.,Castle,"Castle, Darrell L.",,W,296,,0.06%,
P60021102,New York,NY,11/8/16,Darrell,Castle,"Castle, Darrell",,W,955,,0.01%,
P60021102,Ohio,OH,11/8/16,Darrell L.,Castle,"Castle, Darrell L.",,W,"1,887",,0.03%,
P60021102,Rhode Island,RI,11/8/16,Darrell,Castle,"Castle, Darrell",,W,52,,0.01%,
P60021102,Tennessee,TN,11/8/16,Darrell L.,Castle,"Castle, Darrell L.",,W,"1,584",,0.06%,
P60021102,Texas,TX,11/8/16,Darrell L.,Castle,"Castle, Darrell L.",,W,"4,261",,0.05%,
P60021102,Vermont,VT,11/8/16,Darryll,Castle,"Castle, Darryll",,W,63,,0.02%,
P60021185,West Virginia,WV,11/8/16,Kevin,Moreau,"Moreau, Kevin",,W,216,,0.03%,
P60021243,Maryland,MD,11/8/16,Ameer,Flippin,"Flippin, Ameer",,W,6,,0.00%,
P60021631,Arizona,AZ,11/8/16,Delano,Steinacker,"Steinacker, Delano",,W,4,,0.00%,
P60021656,Ohio,OH,11/8/16,Douglas W.,Thomson,"Thomson, Douglas W.",,W,6,,0.00%,
P60022043,Maryland,MD,11/8/16,Michael B.,Puskar,"Puskar, Michael B.",,W,7,,0.00%,
P60022654,Arizona,AZ,11/8/16,Evan,McMullin,"McMullin, Evan",,W,"17,449",,0.68%,
P60022654,California,CA,11/8/16,Evan ,McMullin,"McMullin, Evan ",,W,"39,596",,0.28%,
P60022654,Connecticut,CT,11/8/16,Evan ,McMullin,"McMullin, Evan ",,W,"2,108",,0.13%,
P60022654,Delaware,DE,11/8/16,Evan,McMullin,"McMullin, Evan",,W,706,,0.16%,
P60022654,Georgia,GA,11/8/16,Evan,McMullin,"McMullin, Evan",,W,"13,017",,0.32%,
P60022654,Illinois,IL,11/8/16,Evan,McMullin,"McMullin, Evan",,W,"11,655",,0.21%,
P60022654,Kansas,KS,11/8/16,Evan ,McMullin,"McMullin, Evan ",,W,"6,520",,0.55%,
P60022654,Maine,ME,11/8/16,David Evan,McMullin,"McMullin, David Evan",,W,"1,887",,0.25%,
P60022654,Maryland,MD,11/8/16,Evan,McMullin,"McMullin, Evan",,W,"9,630",,0.35%,
P60022654,Massachusetts,MA,11/8/16,David,McMullin,"McMullin, David",,W,"2,719",,0.08%,
P60022654,Michigan,MI,11/8/16,Evan,McMullin,"McMullin, Evan",,W,"8,177",,0.17%,
P60022654,Missouri,MO,11/8/16,Evan,McMullin,"McMullin, Evan",,W,"7,071",,0.25%,
P60022654,Montana,MT,11/8/16,Evan,McMullin,"McMullin, Evan",,W,"2,297",,0.46%,
P60022654,New Hampshire,NH,11/8/16,Evan,McMullin,"McMullin, Evan",,W,"1,064",,0.14%,
P60022654,New York,NY,11/8/16,Evan,McMullin,"McMullin, Evan",,W,"10,397",,0.13%,
P60022654,Ohio,OH,11/8/16,Evan,McMullin,"McMullin, Evan",,W,"12,574",,0.23%,
P60022654,Pennsylvania,PA,11/8/16,Evan,McMullin,"McMullin, Evan",,W,"6,472",,0.10%,
P60022654,Rhode Island,RI,11/8/16,Evan,McMullin,"McMullin, Evan",,W,773,,0.17%,
P60022654,Tennessee,TN,11/8/16,Evan,McMullin,"McMullin, Evan",,W,"11,991",,0.48%,
P60022654,Texas,TX,11/8/16,Evan,McMullin,"McMullin, Evan",,W,"42,366",,0.47%,
P60022654,Vermont,VT,11/8/16,Evan,McMullin,"McMullin, Evan",,W,640,,0.20%,
P60022654,West Virginia,WV,11/8/16,Evan,McMullin,"McMullin, Evan",,W,"1,104",,0.15%,
P60022654,Wisconsin,WI,11/8/16,Evan,McMullin,"McMullin, Evan",,W,"11,855",,0.40%,
P60022787,California,CA,11/8/16,Mike,Maturen,"Maturen, Mike",,W,"1,316",,0.01%,
P60022787,Georgia,GA,11/8/16,Mike,Maturen,"Maturen, Mike",,W,151,,0.00%,
P60022787,Kansas,KS,11/8/16,Michael A.,Maturen,"Maturen, Michael A.",,W,214,,0.02%,
P60022787,Kentucky,KY,11/8/16,Michael A.,Maturen,"Maturen, Michael A.",,W,155,,0.01%,
P60022787,Maryland,MD,11/8/16,Michael A.,Maturen,"Maturen, Michael A.",,W,504,,0.02%,
P60022787,Michigan,MI,11/8/16,Michael A.,Maturen,"Maturen, Michael A.",,W,517,,0.01%,
P60022787,Minnesota,MN,11/8/16,Michael Andrew,Maturen,"Maturen, Michael Andrew",,W,244,,0.01%,
P60022787,New York,NY,11/8/16,Michael A.,Maturen,"Maturen, Michael A.",,W,458,,0.01%,
P60022787,Ohio,OH,11/8/16,Michael Andrew,Maturen,"Maturen, Michael Andrew",,W,552,,0.01%,
P60022787,Rhode Island,RI,11/8/16,,Michael Maturen - American Solidarity Party,"Maturen, Michael - American Solidarity Party",,W,34,,0.01%,
P60022787,Texas,TX,11/8/16,Michael A.,Maturen,"Maturen, Michael A.",,W,"1,401",,0.02%,
P60022787,Vermont,VT,11/8/16,Michael,Maturen,"Maturen, Michael",,W,14,,0.00%,
P60022787,Wisconsin,WI,11/8/16,Michael A.,Maturen,"Maturen, Michael A.",,W,284,,0.01%,
P60023074,New York,NY,11/8/16,Gary S.,Canns,"Canns, Gary S.",,W,5,,0.00%,
P60023207,Georgia,GA,11/8/16,Scott,Cubbler,"Cubbler, Scott",,W,24,,0.00%,
P60023207,Kentucky,KY,11/8/16,Scott,Cubbler,"Cubbler, Scott",,W,6,,0.00%,
P60023207,Texas,TX,11/8/16,Scott,Cubbler,"Cubbler, Scott",,W,314,,0.00%,
P60023322,Arizona,AZ,11/8/16,Mitchell,In-Albon,"In-Albon, Mitchell",,W,24,,0.00%,
P60023611,Maryland,MD,11/8/16,Kora Roberta Katz,Vakil,"Vakil, Kora Roberta Katz",,W,1,,0.00%,
P60023686,Illinois,IL,11/8/16,Joann,Breivogel,"Breivogel, Joann",,W,12,,0.00%,
P60023686,Maryland,MD,11/8/16,Joann,Breivogel,"Breivogel, Joann",,W,20,,0.00%,
P80000268,New York,NY,11/8/16,Willie ,Carter,"Carter, Willie ",,W,18,,0.00%,
P80000722,New Hampshire,NH,11/8/16,Joe  ,Biden,"Biden, Joe  ",,W,55,,0.01%,
P80000722,Rhode Island,RI,11/8/16,Joe (Joseph),Biden,"Biden, Joe (Joseph)",,W,160,,0.03%,
P80000722,Vermont,VT,11/8/16,Joe,Biden,"Biden, Joe",,W,57,,0.02%,
P80000748,Rhode Island,RI,11/8/16,Ron,Paul,"Paul, Ron",,W,11,,0.00%,
P80000748,Vermont,VT,11/8/16,Ron,Paul,"Paul, Ron",,W,25,,0.01%,
P80002801,New Hampshire,NH,11/8/16,John,McCain,"McCain, John",,W,127,,0.02%,
P80002801,Rhode Island,RI,11/8/16,John,McCain,"McCain, John",,W,124,,0.03%,
P80002801,Vermont,VT,11/8/16,John,McCain,"McCain, John",,W,76,,0.02%,
P80003338,Rhode Island,RI,11/8/16,Barack,Obama,"Obama, Barack",,W,13,,0.00%,
P80003338,Vermont,VT,11/8/16,Barack,Obama,"Obama, Barack",,W,8,,0.00%,
P80003353,New Hampshire,NH,11/8/16,Mitt,Romney,"Romney, Mitt",,W,540,,0.07%,
P80003353,Rhode Island,RI,11/8/16,Mitt,Romney,"Romney, Mitt",,W,273,,0.06%,
P80003353,Vermont,VT,11/8/16,Mitt,Romney,"Romney, Mitt",,W,120,,0.04%,
P80003478,Rhode Island,RI,11/8/16,Mike,Huckabee,"Huckabee, Mike",,W,9,,0.00%,
P80003478,Vermont,VT,11/8/16,Mike,Huckabee,"Huckabee, Mike",,W,11,,0.00%,
P80003643,Georgia,GA,11/8/16,Claire Elisabeth,Elliott,"Elliott, Claire Elisabeth",,W,15,,0.00%,
P80004740,Rhode Island,RI,11/8/16,Michael,Bloomberg,"Bloomberg, Michael",,W,32,,0.01%,
P80004740,Vermont,VT,11/8/16,Michael,Bloomberg,"Bloomberg, Michael",,W,22,,0.01%,
P80004989,Delaware,DE,11/8/16,Star,Locke,"Locke, Star",,W,1,,0.00%,
P80004989,Maryland,MD,11/8/16,Star,Locke,"Locke, Star",,W,10,,0.00%,
P80005473,Vermont,VT,11/8/16,Alyson Kennedy,Osborne,"Osborne, Alyson Kennedy",,W,2,,0.00%,
P80005572,Connecticut,CT,11/8/16,Gloria,La Riva,"La Riva, Gloria",,W,41,,0.00%,
P80005572,Delaware,DE,11/8/16,Gloria,LaRiva,"LaRiva, Gloria",,W,3,,0.00%,
P80005572,Kansas,KS,11/8/16,Gloria,La Riva,"La Riva, Gloria",,W,7,,0.00%,
P80005572,Maryland,MD,11/8/16,Gloria,La Riva,"La Riva, Gloria",,W,48,,0.00%,
P80005572,Minnesota,MN,11/8/16,Gloria,La Riva,"La Riva, Gloria",,W,12,,0.00%,
P80005572,New York,NY,11/8/16,Gloria,La Riva,"La Riva, Gloria",,W,175,,0.00%,
P80005572,Rhode Island,RI,11/8/16,Gloria,LaRiva,"LaRiva, Gloria",,W,8,,0.00%,
P80005572,West Virginia,WV,11/8/16,Gloria,Lariva,"Lariva, Gloria",,W,2,,0.00%,
,Maryland,MD,11/8/16,Michael David,Boyles,"Boyles, Michael David",,W,5,,0.00%,
,Rhode Island,RI,11/8/16,Roger,Williams,"Williams, Roger",,W,7,,0.00%,
P60009917,Colorado,CO,11/8/16,Chris,Keniston,"Keniston, Chris",,VPA,"5,028",,0.18%,
P60009917,Louisiana,LA,11/8/16,Chris ,Keniston,"Keniston, Chris ",,VP,"1,881",,0.09%,
P60021102,Michigan,MI,11/8/16,Darrell L.,Castle,"Castle, Darrell L.",,UST,"16,139",,0.34%,
,Colorado,CO,11/8/16,Ryan Alan,Scott,"Scott, Ryan Alan",,UN,749,,0.03%,
P20003984,Utah,UT,11/8/16,Jill,Stein,"Stein, Jill",,UN,"9,438",,0.83%,
P60004405,Utah,UT,11/8/16,Monica ,Moorehead,"Moorehead, Monica ",,UN,544,,0.05%,
P60016342,Utah,UT,11/8/16,"""Rocky"" Roque",de la Fuente,"de la Fuente, ""Rocky"" Roque",,UN,883,,0.08%,
P60016623,Colorado,CO,11/8/16,Mike,Smith,"Smith, Mike",,UN,"1,819",,0.07%,
P60022654,Colorado,CO,11/8/16,Evan,McMullin,"McMullin, Evan",,UN,"28,917",,1.04%,
P60022654,Utah,UT,11/8/16,Evan,McMullin,"McMullin, Evan",,UN,"243,690",,21.54%,
P80005473,Utah,UT,11/8/16,Alyson,Kennedy,"Kennedy, Alyson",,UN,521,,0.05%,
P80005473,Colorado,CO,11/8/16,Alyson,Kennedy,"Kennedy, Alyson",,SWP,452,,0.02%,
P80005473,Louisiana,LA,11/8/16,Alyson,Kennedy,"Kennedy, Alyson",,SWP,480,,0.02%,
P80005473,Minnesota,MN,11/8/16,Alyson,Kennedy,"Kennedy, Alyson",,SWP,"1,672",,0.06%,
P80005473,New Jersey,NJ,11/8/16,Alyson,Kennedy,"Kennedy, Alyson",,SWP,"2,156",,0.06%,
P80005473,Washington,WA,11/8/16,Alyson,Kennedy,"Kennedy, Alyson",,SWP,"4,307",,0.13%,
P20003984,District of Columbia,DC,11/8/16,Jill,Stein,"Stein, Jill",,STG,"4,258",,1.37%,
P60018017,Colorado,CO,11/8/16,Emidio,Soltysik,"Soltysik, Emidio",,SOC,271,,0.01%,
P80005572,Colorado,CO,11/8/16,Gloria Estela,La Riva,"La Riva, Gloria Estela",,SLP,531,,0.02%,
P80005572,Louisiana,LA,11/8/16,Gloria,La Riva,"La Riva, Gloria",,SLP,446,,0.02%,
P80005572,New Jersey,NJ,11/8/16,Gloria,La Riva,"La Riva, Gloria",,SLP,"1,682",,0.04%,
P80005572,Washington,WA,11/8/16,Gloria Estela,La Riva,"La Riva, Gloria Estela",,SLP,"3,523",,0.11%,
P20004677,Louisiana,LA,11/8/16,Jerry,White,"White, Jerry",,SEA,370,,0.02%,
P60016342,Florida,FL,11/8/16,Roque (Rocky),De La Fuente,"De La Fuente, Roque (Rocky)",,RPF,"9,108",,0.10%,
P80001571,California,CA,11/8/16,Donald J.,Trump,"Trump, Donald J.",,REP/AIP,"4,483,814",,31.62%,
P80001571,Alabama,AL,11/8/16,Donald J.,Trump,"Trump, Donald J.",,REP,"1,318,255",,62.08%,W
P80001571,Alaska,AK,11/8/16,Donald J.,Trump,"Trump, Donald J.",,REP,"163,387",,51.28%,W
P80001571,Arizona,AZ,11/8/16,Donald J.,Trump,"Trump, Donald J.",,REP,"1,252,401",,48.67%,W
P80001571,Arkansas,AR,11/8/16,Donald J.,Trump,"Trump, Donald J.",,REP,"684,872",,60.57%,W
P80001571,Colorado,CO,11/8/16,Donald J.,Trump,"Trump, Donald J.",,REP,"1,202,484",,43.25%,
P80001571,Connecticut,CT,11/8/16,Donald J.,Trump,"Trump, Donald J.",,REP,"673,215",,40.93%,
P80001571,Delaware,DE,11/8/16,Donald J.,Trump,"Trump, Donald J.",,REP,"185,127",,41.71%,
P80001571,District of Columbia,DC,11/8/16,Donald J.,Trump,"Trump, Donald J.",,REP,"12,723",,4.09%,
P80001571,Florida,FL,11/8/16,Donald J.,Trump,"Trump, Donald J.",,REP,"4,617,886",,49.02%,W
P80001571,Georgia,GA,11/8/16,Donald J.,Trump,"Trump, Donald J.",,REP,"2,089,104",,50.77%,W
P80001571,Hawaii,HI,11/8/16,Donald J.,Trump,"Trump, Donald J.",,REP,"128,847",,30.04%,
P80001571,Idaho,ID,11/8/16,Donald J.,Trump,"Trump, Donald J.",,REP,"409,055",,59.26%,W
P80001571,Illinois,IL,11/8/16,Donald J.,Trump,"Trump, Donald J.",,REP,"2,146,015",,38.76%,
P80001571,Indiana,IN,11/8/16,Donald J.,Trump,"Trump, Donald J.",,REP,"1,557,286",,56.94%,W
P80001571,Iowa,IA,11/8/16,Donald J.,Trump,"Trump, Donald J.",,REP,"800,983",,51.15%,W
P80001571,Kansas,KS,11/8/16,Donald J.,Trump,"Trump, Donald J.",,REP,"671,018",,56.65%,W
P80001571,Kentucky,KY,11/8/16,Donald J.,Trump,"Trump, Donald J.",,REP,"1,202,971",,62.52%,W
P80001571,Louisiana,LA,11/8/16,Donald,Trump,"Trump, Donald",,REP,"1,178,638",,58.09%,W
P80001571,Maine,ME,11/8/16,Donald J.,Trump,"Trump, Donald J.",,REP,"335,593",,44.87%,
P80001571,Maryland,MD,11/8/16,Donald J.,Trump,"Trump, Donald J.",,REP,"943,169",,33.91%,
P80001571,Massachusetts,MA,11/8/16,Donald J.,Trump,"Trump, Donald J.",,REP,"1,090,893",,32.81%,
P80001571,Michigan,MI,11/8/16,Donald J.,Trump,"Trump, Donald J.",,REP,"2,279,543",,47.50%,W
P80001571,Minnesota,MN,11/8/16,Donald J.,Trump,"Trump, Donald J.",,REP,"1,322,951",,44.92%,
P80001571,Mississippi,MS,11/8/16,Donald J.,Trump,"Trump, Donald J.",,REP,"700,714",,57.94%,W
P80001571,Missouri,MO,11/8/16,Donald J.,Trump,"Trump, Donald J.",,REP,"1,594,511",,56.77%,W
P80001571,Montana,MT,11/8/16,Donald J.,Trump,"Trump, Donald J.",,REP,"279,240",,56.17%,W
P80001571,Nebraska,NE,11/8/16,Donald J.,Trump,"Trump, Donald J.",,REP,"495,961",,58.75%,W
P80001571,Nevada,NV,11/8/16,Donald J.,Trump,"Trump, Donald J.",,REP,"512,058",,45.50%,
P80001571,New Hampshire,NH,11/8/16,Donald J.,Trump,"Trump, Donald J.",,REP,"345,790",,46.46%,
P80001571,New Jersey,NJ,11/8/16,Donald J.,Trump,"Trump, Donald J.",,REP,"1,601,933",,41.35%,
P80001571,New Mexico,NM,11/8/16,Donald J.,Trump,"Trump, Donald J.",,REP,"319,667",,40.04%,
P80001571,New York,NY,11/8/16,Donald J.,Trump,"Trump, Donald J.",,REP,"2,527,141",,32.73%,
P80001571,North Carolina,NC,11/8/16,Donald J.,Trump,"Trump, Donald J.",,REP,"2,362,631",,49.83%,W
P80001571,North Dakota,ND,11/8/16,Donald J.,Trump,"Trump, Donald J.",,REP,"216,794",,62.96%,W
P80001571,Ohio,OH,11/8/16,Donald J.,Trump,"Trump, Donald J.",,REP,"2,841,005",,51.69%,W
P80001571,Oklahoma,OK,11/8/16,Donald J.,Trump,"Trump, Donald J.",,REP,"949,136",,65.32%,W
P80001571,Oregon,OR,11/8/16,Donald J.,Trump,"Trump, Donald J.",,REP,"782,403",,39.09%,
P80001571,Pennsylvania,PA,11/8/16,Donald J.,Trump,"Trump, Donald J.",,REP,"2,970,733",,48.18%,W
P80001571,Rhode Island,RI,11/8/16,Donald J.,Trump,"Trump, Donald J.",,REP,"180,543",,38.90%,
P80001571,South Carolina,SC,11/8/16,Donald J.,Trump,"Trump, Donald J.",,REP,"1,155,389",,54.94%,W
P80001571,South Dakota,SD,11/8/16,Donald J.,Trump,"Trump, Donald J.",,REP,"227,721",,61.53%,W
P80001571,Tennessee,TN,11/8/16,Donald J.,Trump,"Trump, Donald J.",,REP,"1,522,925",,60.72%,W
P80001571,Texas,TX,11/8/16,Donald J.,Trump,"Trump, Donald J.",,REP,"4,685,047",,52.23%,W
P80001571,Utah,UT,11/8/16,Donald J.,Trump,"Trump, Donald J.",,REP,"515,231",,45.54%,W
P80001571,Vermont,VT,11/8/16,Donald J.,Trump,"Trump, Donald J.",,REP,"95,369",,30.27%,
P80001571,Virginia,VA,11/8/16,Donald J.,Trump,"Trump, Donald J.",,REP,"1,769,443",,44.41%,
P80001571,Washington,WA,11/8/16,Donald J.,Trump,"Trump, Donald J.",,REP,"1,221,747",,36.83%,
P80001571,West Virginia,WV,11/8/16,Donald J.,Trump,"Trump, Donald J.",,REP,"489,371",,68.50%,W
P80001571,Wisconsin,WI,11/8/16,Donald J.,Trump,"Trump, Donald J.",,REP,"1,405,284",,47.22%,W
P80001571,Wyoming,WY,11/8/16,Donald J.,Trump,"Trump, Donald J.",,REP,"174,419",,68.17%,W
P80005572,Iowa,IA,11/8/16,Gloria,La Riva,"La Riva, Gloria",,PSL,323,,0.02%,
P80005572,New Mexico,NM,11/8/16,Gloria,La Riva,"La Riva, Gloria",,PSL,"1,184",,0.15%,
P20003984,Oregon,OR,11/8/16,Jill,Stein,"Stein, Jill",,PG/PRO,"50,002",,2.50%,
P80005572,California,CA,11/8/16,Gloria Estela,La Riva,"La Riva, Gloria Estela",,PAF,"66,101",,0.47%,
P60017340,Colorado,CO,11/8/16,James,Hedges,"Hedges, James",,P,185,,0.01%,
P60017340,Mississippi,MS,11/8/16,Jim,Hedges,"Hedges, Jim",,P,715,,0.06%,
P60017035,Colorado,CO,11/8/16,Rod,Silva,"Silva, Rod",,NTP,751,,0.03%,
P60023504,Colorado,CO,11/8/16,Bradford,Lyttle,"Lyttle, Bradford",,NRP,382,,0.01%,
P60016342,Nevada,NV,11/8/16,"Roque ""Rocky""",De La Fuente,"De La Fuente, Roque ""Rocky""",,NPY,"2,552",,0.23%,
P60005808,Iowa,IA,11/8/16,Lynn ,Kahn,"Kahn, Lynn ",,NPI,"2,247",,0.14%,
P60016342,Iowa,IA,11/8/16,Rocky Roque,De La Fuente,"De La Fuente, Rocky Roque",,NP,451,,0.03%,
P60022654,Iowa,IA,11/8/16,Evan,McMullin,"McMullin, Evan",,NP,"12,366",,0.79%,
P60018017,Michigan,MI,11/8/16,Emidio Mimi,Soltysik,"Soltysik, Emidio Mimi",,NLP,"2,209",,0.05%,
P60016342,Alaska,AK,11/8/16,Roque,De La Fuente,"De La Fuente, Roque",,NAF,"1,240",,0.39%,
,Ohio,OH,11/8/16,Richard,Duncan,"Duncan, Richard",,N,"24,235",,0.44%,
P20002671,Ohio,OH,11/8/16,Gary ,Johnson,"Johnson, Gary ",,N,"174,498",,3.17%,
P20003984,West Virginia,WV,11/8/16,Jill,Stein,"Stein, Jill",,MTP,"8,075",,1.13%,
P20004768,Louisiana,LA,11/8/16,Princess,Jacob,"Jacob, Princess",,LTC,749,,0.04%,
,Iowa,IA,11/8/16,Dan R. ,Vacek,"Vacek, Dan R. ",,LMN,"2,246",,0.14%,
,Minnesota,MN,11/8/16,Dan R. ,Vacek,"Vacek, Dan R. ",,LMN,"11,291",,0.38%,
P20002671,Alaska,AK,11/8/16,Gary,Johnson,"Johnson, Gary",,LIB,"18,725",,5.88%,
P20002671,Arizona,AZ,11/8/16,Gary,Johnson,"Johnson, Gary",,LIB,"106,327",,4.13%,
P20002671,Arkansas,AR,11/8/16,Gary,Johnson,"Johnson, Gary",,LIB,"29,949",,2.65%,
P20002671,California,CA,11/8/16,Gary,Johnson,"Johnson, Gary",,LIB,"478,500",,3.37%,
P20002671,Colorado,CO,11/8/16,Gary,Johnson,"Johnson, Gary",,LIB,"144,121",,5.18%,
P20002671,Connecticut,CT,11/8/16,Gary,Johnson,"Johnson, Gary",,LIB,"48,676",,2.96%,
P20002671,Delaware,DE,11/8/16,Gary,Johnson,"Johnson, Gary",,LIB,"14,757",,3.33%,
P20002671,District of Columbia,DC,11/8/16,Gary,Johnson,"Johnson, Gary",,LIB,"4,906",,1.58%,
P20002671,Georgia,GA,11/8/16,Gary,Johnson,"Johnson, Gary",,LIB,"125,306",,3.05%,
P20002671,Hawaii,HI,11/8/16,Gary,Johnson,"Johnson, Gary",,LIB,"15,954",,3.72%,
P20002671,Idaho,ID,11/8/16,Gary,Johnson,"Johnson, Gary",,LIB,"28,331",,4.10%,
P20002671,Illinois,IL,11/8/16,Gary,Johnson,"Johnson, Gary",,LIB,"209,596",,3.79%,
P20002671,Indiana,IN,11/8/16,Gary,Johnson,"Johnson, Gary",,LIB,"133,993",,4.90%,
P20002671,Iowa,IA,11/8/16,Gary,Johnson,"Johnson, Gary",,LIB,"59,186",,3.78%,
P20002671,Kansas,KS,11/8/16,Gary,Johnson,"Johnson, Gary",,LIB,"55,406",,4.68%,
P20002671,Kentucky,KY,11/8/16,Gary,Johnson,"Johnson, Gary",,LIB,"53,752",,2.79%,
P20002671,Louisiana,LA,11/8/16,Gary,Johnson,"Johnson, Gary",,LIB,"37,978",,1.87%,
P20002671,Maine,ME,11/8/16,Gary,Johnson,"Johnson, Gary",,LIB,"38,105",,5.09%,
P20002671,Maryland,MD,11/8/16,Gary,Johnson,"Johnson, Gary",,LIB,"79,605",,2.86%,
P20002671,Massachusetts,MA,11/8/16,Gary,Johnson,"Johnson, Gary",,LIB,"138,018",,4.15%,
P20002671,Michigan,MI,11/8/16,Gary,Johnson,"Johnson, Gary",,LIB,"172,136",,3.59%,
P20002671,Minnesota,MN,11/8/16,Gary,Johnson,"Johnson, Gary",,LIB,"112,972",,3.84%,
P20002671,Mississippi,MS,11/8/16,Gary,Johnson,"Johnson, Gary",,LIB,"14,435",,1.19%,
P20002671,Missouri,MO,11/8/16,Gary,Johnson,"Johnson, Gary",,LIB,"97,359",,3.47%,
P20002671,Montana,MT,11/8/16,Gary,Johnson,"Johnson, Gary",,LIB,"28,037",,5.64%,
P20002671,Nebraska,NE,11/8/16,Gary,Johnson,"Johnson, Gary",,LIB,"38,946",,4.61%,
P20002671,Nevada,NV,11/8/16,Gary,Johnson,"Johnson, Gary",,LIB,"37,384",,3.32%,
P20002671,New Hampshire,NH,11/8/16,Gary,Johnson,"Johnson, Gary",,LIB,"30,777",,4.14%,
P20002671,New Jersey,NJ,11/8/16,Gary,Johnson,"Johnson, Gary",,LIB,"72,477",,1.87%,
P20002671,New Mexico,NM,11/8/16,Gary ,Johnson,"Johnson, Gary ",,LIB,"74,541",,9.34%,
P20002671,New York,NY,11/8/16,Gary,Johnson,"Johnson, Gary",,LIB,"57,438",,0.74%,
P20002671,North Carolina,NC,11/8/16,Gary,Johnson,"Johnson, Gary",,LIB,"130,126",,2.74%,
P20002671,North Dakota,ND,11/8/16,Gary,Johnson,"Johnson, Gary",,LIB,"21,434",,6.22%,
P20002671,Oklahoma,OK,11/8/16,Gary,Johnson,"Johnson, Gary",,LIB,"83,481",,5.75%,
P20002671,Oregon,OR,11/8/16,Gary,Johnson,"Johnson, Gary",,LIB,"94,231",,4.71%,
P20002671,Pennsylvania,PA,11/8/16,Gary E.,Johnson,"Johnson, Gary E.",,LIB,"146,715",,2.38%,
P20002671,Rhode Island,RI,11/8/16,Gary,Johnson,"Johnson, Gary",,LIB,"14,746",,3.18%,
P20002671,South Carolina,SC,11/8/16,Gary,Johnson,"Johnson, Gary",,LIB,"49,204",,2.34%,
P20002671,South Dakota,SD,11/8/16,Gary,Johnson,"Johnson, Gary",,LIB,"20,850",,5.63%,
P20002671,Texas,TX,11/8/16,Gary,Johnson,"Johnson, Gary",,LIB,"283,492",,3.16%,
P20002671,Utah,UT,11/8/16,Gary,Johnson,"Johnson, Gary",,LIB,"39,608",,3.50%,
P20002671,Vermont,VT,11/8/16,Gary,Johnson,"Johnson, Gary",,LIB,"10,078",,3.20%,
P20002671,Virginia,VA,11/8/16,Gary,Johnson,"Johnson, Gary",,LIB,"118,274",,2.97%,
P20002671,Washington,WA,11/8/16,Gary,Johnson,"Johnson, Gary",,LIB,"160,879",,4.85%,
P20002671,West Virginia,WV,11/8/16,Gary,Johnson,"Johnson, Gary",,LIB,"23,004",,3.22%,
P20002671,Wisconsin,WI,11/8/16,Gary,Johnson,"Johnson, Gary",,LIB,"106,674",,3.58%,
P20002671,Wyoming,WY,11/8/16,Gary,Johnson,"Johnson, Gary",,LIB,"13,287",,5.19%,
P20005260,Louisiana,LA,11/8/16,Tom ,Hoefling,"Hoefling, Tom ",,LFC,"1,581",,0.08%,
P80005572,Vermont,VT,11/8/16,Gloria,La Riva,"La Riva, Gloria",,LBU,327,,0.10%,
P20002671,Florida,FL,11/8/16,Gary,Johnson,"Johnson, Gary",,LBF,"207,043",,2.20%,
P20004511,Colorado,CO,11/8/16,Laurence,Kotlikoff,"Kotlikoff, Laurence",,KFP,392,,0.01%,
P60018249,Colorado,CO,11/8/16,Joseph Allen,Maldonado,"Maldonado, Joseph Allen",,IPC,872,,0.03%,
P20004511,Louisiana,LA,11/8/16,Laurence,Kotlikoff,"Kotlikoff, Laurence",,IOC,"1,048",,0.05%,
,Indiana,IN,11/8/16,Ray C.,Brown,"Brown, Ray C.",,IND,11,,0.00%,
P20002671,Alabama,AL,11/8/16,Gary,Johnson,"Johnson, Gary",,IND,"44,467",,2.09%,
P20002671,Tennessee,TN,11/8/16,Gary,Johnson,"Johnson, Gary",,IND,"70,397",,2.81%,
P20003984,Alabama,AL,11/8/16,Jill,Stein,"Stein, Jill",,IND,"9,391",,0.44%,
P20003984,Idaho,ID,11/8/16,Jill,Stein,"Stein, Jill",,IND,"8,496",,1.23%,
P20003984,Kansas,KS,11/8/16,Jill,Stein,"Stein, Jill",,IND,"23,506",,1.98%,
P20003984,Tennessee,TN,11/8/16,Jill,Stein,"Stein, Jill",,IND,"15,993",,0.64%,
P20003984,Wyoming,WY,11/8/16,Jill,Stein,"Stein, Jill",,IND,"2,515",,0.98%,
P60005808,Arkansas,AR,11/8/16,Lynn S.,Kahn,"Kahn, Lynn S.",,IND,"3,390",,0.30%,
P60016342,Idaho,ID,11/8/16,Rocky,De La Fuente,"De La Fuente, Rocky",,IND,"1,373",,0.20%,
P60016342,Tennessee,TN,11/8/16,"""Rocky"" Roque",De La Fuente,"De La Fuente, ""Rocky"" Roque",,IND,"4,075",,0.16%,
P60016342,Vermont,VT,11/8/16,Rocky ,De La Fuente,"De La Fuente, Rocky ",,IND,"1,063",,0.34%,
P60016342,Wyoming,WY,11/8/16,"""Rocky"" Roque",De La Fuente,"De La Fuente, ""Rocky"" Roque",,IND,709,,0.28%,
P60016623,Tennessee,TN,11/8/16,Mike,Smith,"Smith, Mike",,IND,"7,276",,0.29%,
P60017340,Arkansas,AR,11/8/16,Jim,Hedges,"Hedges, Jim",,IND,"4,709",,0.42%,
P60021102,Idaho,ID,11/8/16,Darrell L.,Castle,"Castle, Darrell L.",,IND,"4,403",,0.64%,
P60022654,Idaho,ID,11/8/16,Evan,McMullin,"McMullin, Evan",,IND,"46,476",,6.73%,
P60022654,Kentucky,KY,11/8/16,Evan,McMullin,"McMullin, Evan",,IND,"22,780",,1.18%,
P60022654,Virginia,VA,11/8/16,Evan,McMullin,"McMullin, Evan",,IND,"54,054",,1.36%,
P80005473,Tennessee,TN,11/8/16,Alyson,Kennedy,"Kennedy, Alyson",,IND,"2,877",,0.11%,
P20003984,Iowa,IA,11/8/16,Jill,Stein,"Stein, Jill",,IG,"11,479",,0.73%,
P20002671,New York,NY,11/8/16,Gary,Johnson,"Johnson, Gary",,IDP,"119,160",,1.54%,
P60022654,Minnesota,MN,11/8/16,Evan,McMullin,"McMullin, Evan",,IDP,"53,076",,1.80%,
P60022654,South Carolina,SC,11/8/16,Evan,McMullin,"McMullin, Evan",,IDP,"21,016",,1.00%,
P60009875,Utah,UT,11/8/16,Rocky,Giordani,"Giordani, Rocky",,IAP,"2,752",,0.24%,
P60015419,Colorado,CO,11/8/16,Kyle Kenley,Kopitke,"Kopitke, Kyle Kenley",,IAP,"1,096",,0.04%,
P60021102,Nevada,NV,11/8/16,Darrell,Castle,"Castle, Darrell",,IAP,"5,268",,0.47%,
P20003984,Alaska,AK,11/8/16,Jill,Stein,"Stein, Jill",,GRE,"5,735",,1.80%,
P20003984,Arizona,AZ,11/8/16,Jill,Stein,"Stein, Jill",,GRE,"34,345",,1.33%,
P20003984,Arkansas,AR,11/8/16,Jill,Stein,"Stein, Jill",,GRE,"9,473",,0.84%,
P20003984,California,CA,11/8/16,Jill,Stein,"Stein, Jill",,GRE,"278,658",,1.96%,
P20003984,Colorado,CO,11/8/16,Jill,Stein,"Stein, Jill",,GRE,"38,437",,1.38%,
P20003984,Connecticut,CT,11/8/16,Jill,Stein,"Stein, Jill",,GRE,"22,841",,1.39%,
P20003984,Delaware,DE,11/8/16,Jill,Stein,"Stein, Jill",,GRE,"6,103",,1.38%,
P20003984,Hawaii,HI,11/8/16,Jill,Stein,"Stein, Jill",,GRE,"12,737",,2.97%,
P20003984,Illinois,IL,11/8/16,Jill,Stein,"Stein, Jill",,GRE,"76,802",,1.39%,
P20003984,Kentucky,KY,11/8/16,Jill,Stein,"Stein, Jill",,GRE,"13,913",,0.72%,
P20003984,Louisiana,LA,11/8/16,Jill,Stein,"Stein, Jill",,GRE,"14,031",,0.69%,
P20003984,Maryland,MD,11/8/16,Jill,Stein,"Stein, Jill",,GRE,"35,945",,1.29%,
P20003984,Michigan,MI,11/8/16,Jill,Stein,"Stein, Jill",,GRE,"51,463",,1.07%,
P20003984,Minnesota,MN,11/8/16,Jill,Stein,"Stein, Jill",,GRE,"36,985",,1.26%,
P20003984,Mississippi,MS,11/8/16,Jill,Stein,"Stein, Jill",,GRE,"3,731",,0.31%,
P20003984,Missouri,MO,11/8/16,Jill ,Stein,"Stein, Jill ",,GRE,"25,419",,0.91%,
P20003984,Montana,MT,11/8/16,Jill,Stein,"Stein, Jill",,GRE,"7,970",,1.60%,
P20003984,New Hampshire,NH,11/8/16,Jill ,Stein,"Stein, Jill ",,GRE,"6,496",,0.87%,
P20003984,New Jersey,NJ,11/8/16,Jill,Stein,"Stein, Jill",,GRE,"37,772",,0.98%,
P20003984,New Mexico,NM,11/8/16,Jill ,Stein,"Stein, Jill ",,GRE,"9,879",,1.24%,
P20003984,New York,NY,11/8/16,Jill ,Stein,"Stein, Jill ",,GRE,"107,935",,1.40%,
P20003984,North Dakota,ND,11/8/16,Jill,Stein,"Stein, Jill",,GRE,"3,780",,1.10%,
P20003984,Ohio,OH,11/8/16,Jill,Stein,"Stein, Jill",,GRE,"46,271",,0.84%,
P20003984,Pennsylvania,PA,11/8/16,Jill,Stein,"Stein, Jill",,GRE,"49,941",,0.81%,
P20003984,Rhode Island,RI,11/8/16,Jill,Stein,"Stein, Jill",,GRE,"6,220",,1.34%,
P20003984,South Carolina,SC,11/8/16,Jill,Stein,"Stein, Jill",,GRE,"13,034",,0.62%,
P20003984,Texas,TX,11/8/16,Jill,Stein,"Stein, Jill",,GRE,"71,558",,0.80%,
P20003984,Vermont,VT,11/8/16,Jill,Stein,"Stein, Jill",,GRE,"6,758",,2.14%,
P20003984,Virginia,VA,11/8/16,Jill,Stein,"Stein, Jill",,GRE,"27,638",,0.69%,
P20003984,Washington,WA,11/8/16,Jill,Stein,"Stein, Jill",,GRE,"58,417",,1.76%,
P20003984,Massachusetts,MA,11/8/16,Jill,Stein,"Stein, Jill",,GR,"47,661",,1.43%,
P20003984,Florida,FL,11/8/16,Jill,Stein,"Stein, Jill",,GPF,"64,399",,0.68%,
P20003984,Maine,ME,11/8/16,Jill,Stein,"Stein, Jill",,GI,"14,251",,1.91%,
P00003392,North Dakota,ND,11/8/16,Hillary,Clinton,"Clinton, Hillary",,DNL,"93,758",,27.23%,
P00003392,Minnesota,MN,11/8/16,Hillary,Clinton,"Clinton, Hillary",,DFL,"1,367,716",,46.44%,W
P00003392,Alabama,AL,11/8/16,Hillary,Clinton,"Clinton, Hillary",,DEM,"729,547",,34.36%,
P00003392,Alaska,AK,11/8/16,Hillary,Clinton,"Clinton, Hillary",,DEM,"116,454",,36.55%,
P00003392,Arizona,AZ,11/8/16,Hillary,Clinton,"Clinton, Hillary",,DEM,"1,161,167",,45.13%,
P00003392,Arkansas,AR,11/8/16,Hillary,Clinton,"Clinton, Hillary",,DEM,"380,494",,33.65%,
P00003392,California,CA,11/8/16,Hillary,Clinton,"Clinton, Hillary",,DEM,"8,753,792",,61.73%,W
P00003392,Colorado,CO,11/8/16,Hillary,Clinton,"Clinton, Hillary",,DEM,"1,338,870",,48.16%,W
P00003392,Connecticut,CT,11/8/16,Hillary,Clinton,"Clinton, Hillary",,DEM,"897,572",,54.57%,W
P00003392,Delaware,DE,11/8/16,Hillary,Clinton,"Clinton, Hillary",,DEM,"235,603",,53.09%,W
P00003392,District of Columbia,DC,11/8/16,Hillary,Clinton,"Clinton, Hillary",,DEM,"282,830",,90.86%,W
P00003392,Florida,FL,11/8/16,Hillary,Clinton,"Clinton, Hillary",,DEM,"4,504,975",,47.82%,
P00003392,Georgia,GA,11/8/16,Hillary,Clinton,"Clinton, Hillary",,DEM,"1,877,963",,45.64%,
P00003392,Hawaii,HI,11/8/16,Hillary,Clinton,"Clinton, Hillary",,DEM,"266,891",,62.22%,W
P00003392,Idaho,ID,11/8/16,Hillary Rodham,Clinton,"Clinton, Hillary Rodham",,DEM,"189,765",,27.49%,
P00003392,Illinois,IL,11/8/16,Hillary Rodham,Clinton,"Clinton, Hillary Rodham",,DEM,"3,090,729",,55.83%,W
P00003392,Indiana,IN,11/8/16,Hillary,Clinton,"Clinton, Hillary",,DEM,"1,033,126",,37.77%,
P00003392,Iowa,IA,11/8/16,Hillary,Clinton,"Clinton, Hillary",,DEM,"653,669",,41.74%,
P00003392,Kansas,KS,11/8/16,Hillary Rodham,Clinton,"Clinton, Hillary Rodham",,DEM,"427,005",,36.05%,
P00003392,Kentucky,KY,11/8/16,Hillary Rodham,Clinton,"Clinton, Hillary Rodham",,DEM,"628,854",,32.68%,
P00003392,Louisiana,LA,11/8/16,Hillary,Clinton,"Clinton, Hillary",,DEM,"780,154",,38.45%,
P00003392,Maine,ME,11/8/16,Hillary R.,Clinton,"Clinton, Hillary R.",,DEM,"357,735",,47.83%,W
P00003392,Maryland,MD,11/8/16,Hillary,Clinton,"Clinton, Hillary",,DEM,"1,677,928",,60.33%,W
P00003392,Massachusetts,MA,11/8/16,Hillary,Clinton,"Clinton, Hillary",,DEM,"1,995,196",,60.01%,W
P00003392,Michigan,MI,11/8/16,Hillary,Clinton,"Clinton, Hillary",,DEM,"2,268,839",,47.27%,
P00003392,Mississippi,MS,11/8/16,Hillary,Clinton,"Clinton, Hillary",,DEM,"485,131",,40.11%,
P00003392,Missouri,MO,11/8/16,Hillary Rodham,Clinton,"Clinton, Hillary Rodham",,DEM,"1,071,068",,38.14%,
P00003392,Montana,MT,11/8/16,Hillary,Clinton,"Clinton, Hillary",,DEM,"177,709",,35.75%,
P00003392,Nebraska,NE,11/8/16,Hillary,Clinton,"Clinton, Hillary",,DEM,"284,494",,33.70%,
P00003392,Nevada,NV,11/8/16,Hillary,Clinton,"Clinton, Hillary",,DEM,"539,260",,47.92%,W
P00003392,New Hampshire,NH,11/8/16,Hillary,Clinton,"Clinton, Hillary",,DEM,"348,526",,46.83%,W
P00003392,New Jersey,NJ,11/8/16,Hillary Rodham,Clinton,"Clinton, Hillary Rodham",,DEM,"2,148,278",,55.45%,W
P00003392,New Mexico,NM,11/8/16,Hillary Rodham,Clinton,"Clinton, Hillary Rodham",,DEM,"385,234",,48.26%,W
P00003392,New York,NY,11/8/16,Hillary,Clinton,"Clinton, Hillary",,DEM,"4,379,783",,56.72%,
P00003392,North Carolina,NC,11/8/16,Hillary,Clinton,"Clinton, Hillary",,DEM,"2,189,316",,46.17%,
P00003392,Ohio,OH,11/8/16,Hillary,Clinton,"Clinton, Hillary",,DEM,"2,394,164",,43.56%,
P00003392,Oklahoma,OK,11/8/16,Hillary,Clinton,"Clinton, Hillary",,DEM,"420,375",,28.93%,
P00003392,Oregon,OR,11/8/16,Hillary,Clinton,"Clinton, Hillary",,DEM,"1,002,106",,50.07%,W
P00003392,Pennsylvania,PA,11/8/16,Hillary,Clinton,"Clinton, Hillary",,DEM,"2,926,441",,47.46%,
P00003392,Rhode Island,RI,11/8/16,Hillary,Clinton,"Clinton, Hillary",,DEM,"252,525",,54.41%,W
P00003392,South Carolina,SC,11/8/16,Hillary Rodham,Clinton,"Clinton, Hillary Rodham",,DEM,"855,373",,40.67%,
P00003392,South Dakota,SD,11/8/16,Hillary,Clinton,"Clinton, Hillary",,DEM,"117,458",,31.74%,
P00003392,Tennessee,TN,11/8/16,Hillary,Clinton,"Clinton, Hillary",,DEM,"870,695",,34.72%,
P00003392,Texas,TX,11/8/16,Hillary,Clinton,"Clinton, Hillary",,DEM,"3,877,868",,43.24%,
P00003392,Utah,UT,11/8/16,Hillary Rodham,Clinton,"Clinton, Hillary Rodham",,DEM,"310,676",,27.46%,
P00003392,Vermont,VT,11/8/16,Hillary,Clinton,"Clinton, Hillary",,DEM,"178,573",,56.68%,W
P00003392,Virginia,VA,11/8/16,Hillary R.,Clinton,"Clinton, Hillary R.",,DEM,"1,981,473",,49.73%,W
P00003392,Washington,WA,11/8/16,Hillary,Clinton,"Clinton, Hillary",,DEM,"1,742,718",,52.54%,W
P00003392,West Virginia,WV,11/8/16,Hillary,Clinton,"Clinton, Hillary",,DEM,"188,794",,26.43%,
P00003392,Wisconsin,WI,11/8/16,Hillary,Clinton,"Clinton, Hillary",,DEM,"1,382,536",,46.45%,
P00003392,Wyoming,WY,11/8/16,Hillary,Clinton,"Clinton, Hillary",,DEM,"55,973",,21.88%,
P80000268,Arizona,AZ,11/8/16,Willie Felix,Carter,"Carter, Willie Felix",,DEM,42,,0.00%,
P60021102,Florida,FL,11/8/16,Darrell L.,Castle,"Castle, Darrell L.",,CPF,"16,475",,0.17%,
P60007457,Idaho,ID,11/8/16,Scott,Copeland,"Copeland, Scott",,CON,"2,356",,0.34%,
P60021102,Alaska,AK,11/8/16,Darrell L.,Castle,"Castle, Darrell L.",,CON,"3,866",,1.21%,
P60021102,Arkansas,AR,11/8/16,Darrell L.,Castle,"Castle, Darrell L.",,CON,"4,613",,0.41%,
P60021102,Hawaii,HI,11/8/16,Darrell L.,Castle,"Castle, Darrell L.",,CON,"4,508",,1.05%,
P60021102,Iowa,IA,11/8/16,Darrell L.,Castle,"Castle, Darrell L.",,CON,"5,335",,0.34%,
P60021102,Louisiana,LA,11/8/16,Darrell,Castle,"Castle, Darrell",,CON,"3,129",,0.15%,
P60021102,Minnesota,MN,11/8/16,Darrell,Castle,"Castle, Darrell",,CON,"9,456",,0.32%,
P60021102,Mississippi,MS,11/8/16,Darrell,Castle,"Castle, Darrell",,CON,"3,987",,0.33%,
P60021102,Missouri,MO,11/8/16,Darrell L.,Castle,"Castle, Darrell L.",,CON,"13,092",,0.47%,
P60021102,New Jersey,NJ,11/8/16,Darrell,Castle,"Castle, Darrell",,CON,"6,161",,0.16%,
P60021102,New Mexico,NM,11/8/16,Darrell,Castle,"Castle, Darrell",,CON,"1,514",,0.19%,
P60021102,North Dakota,ND,11/8/16,Darrell,Castle,"Castle, Darrell",,CON,"1,833",,0.53%,
P60021102,Pennsylvania,PA,11/8/16,Darrell L.,Castle,"Castle, Darrell L.",,CON,"21,572",,0.35%,
P60021102,South Carolina,SC,11/8/16,Darrell,Castle,"Castle, Darrell",,CON,"5,765",,0.27%,
P60021102,South Dakota,SD,11/8/16,Darrell L.,Castle,"Castle, Darrell L.",,CON,"4,064",,1.10%,
P60021102,Utah,UT,11/8/16,Darrell L.,Castle,"Castle, Darrell L.",,CON,"8,032",,0.71%,
P60021102,Washington,WA,11/8/16,Darrell L.,Castle,"Castle, Darrell L.",,CON,"17,623",,0.53%,
P60021102,West Virginia,WV,11/8/16,Darrell L.,Castle,"Castle, Darrell L.",,CON,"3,807",,0.53%,
P60021102,Wisconsin,WI,11/8/16,Darrell L.,Castle,"Castle, Darrell L.",,CON,"12,162",,0.41%,
P60021102,Wyoming,WY,11/8/16,Darrell,Castle,"Castle, Darrell",,CON,"2,042",,0.80%,
P00003392,New York,NY,11/8/16,Hillary,Clinton,"Clinton, Hillary",,Combined Parties:,,"4,556,118",59.01%,W
P20002671,New York,NY,11/8/16,Gary,Johnson,"Johnson, Gary",,Combined Parties:,,"176,598",2.29%,
P80001571,New York,NY,11/8/16,Donald J.,Trump,"Trump, Donald J.",,Combined Parties:,,"2,819,533",36.52%,
P60022654,Louisiana,LA,11/8/16,Evan,McMullin,"McMullin, Evan",,CCS,"8,547",,0.42%,
P80001571,New York,NY,11/8/16,Donald J.,Trump,"Trump, Donald J.",,C,"292,392",,3.79%,
P20003984,Nebraska,NE,11/8/16,Jill,Stein,"Stein, Jill",,BP,"8,775",,1.04%,
P60022654,Arkansas,AR,11/8/16,Evan ,McMullin,"McMullin, Evan ",,BFA,"13,176",,1.17%,
P60022654,New Mexico,NM,11/8/16,Evan,McMullin,"McMullin, Evan",,BFA,"5,825",,0.73%,
P60022787,Colorado,CO,11/8/16,Michael A.,Maturen,"Maturen, Michael A.",,ASP,862,,0.03%,
P60023496,Colorado,CO,11/8/16,Frank,Atwood,"Atwood, Frank",,APV,337,,0.01%,
P20005260,Colorado,CO,11/8/16,Tom ,Hoefling,"Hoefling, Tom ",,AMP,710,,0.03%,
P60021102,Colorado,CO,11/8/16,Darrell L.,Castle,"Castle, Darrell L.",,AMC,"11,699",,0.42%,
P60012960,South Carolina,SC,11/8/16,Peter,Skewes,"Skewes, Peter",,AM,"3,246",,0.15%,
P60016342,Kentucky,KY,11/8/16,Rocky Roque,De La Fuente,"De La Fuente, Rocky Roque",,ADP,"1,128",,0.06%,
P60016342,Minnesota,MN,11/8/16,"""Rocky"" Roque",De La Fuente,"De La Fuente, ""Rocky"" Roque",,ADP,"1,431",,0.05%,
P60016342,Mississippi,MS,11/8/16,"""Rocky"" Roque",De La Fuente,"De La Fuente, ""Rocky"" Roque",,ADP,644,,0.05%,
P60016342,Montana,MT,11/8/16,"""Rocky"" Roque",De La Fuente,"De La Fuente, ""Rocky"" Roque",,ADP,"1,570",,0.32%,
P60016342,New Hampshire,NH,11/8/16,"Roque ""Rocky""",De La Fuente,"De La Fuente, Roque ""Rocky""",,ADP,678,,0.09%,
P60016342,New Jersey,NJ,11/8/16,Rocky Roque,De La Fuente,"De La Fuente, Rocky Roque",,ADP,"1,838",,0.05%,
P60016342,New Mexico,NM,11/8/16,"""Rocky"" Roque",De La Fuente,"De La Fuente, ""Rocky"" Roque",,ADP,475,,0.06%,
P60016342,North Dakota,ND,11/8/16,Rocky Roque,De La Fuente,"De La Fuente, Rocky Roque",,ADP,364,,0.11%,
P60016342,Rhode Island,RI,11/8/16,"""Rocky"" Roque",De La Fuente,"De La Fuente, ""Rocky"" Roque",,ADP,671,,0.14%,
P60016342,Wisconsin,WI,11/8/16,Rocky Roque,De La Fuente,"De La Fuente, Rocky Roque",,ADP,"1,502",,0.05%,
,Nevada,NV,11/8/16,,None of These Candidates,None of These Candidates,,,"28,863",,2.56%,